{
	"credit": "Made with Blockbench",
	"textures": {
		"0": "block/stripped_dark_oak_log",
		"1": "block/gold_block",
		"2": "block/iron_block",
		"3": "block/emerald_block",
		"particle": "block/stripped_dark_oak_log"
	},
	"elements": [
		{
			"from": [7.6, 1, 7.6],
			"to": [8.4, 7, 8.4],
			"faces": {
				"north": {"uv": [5, 0, 12, 16], "texture": "#0"},
				"east": {"uv": [5, 0, 12, 16], "texture": "#0"},
				"south": {"uv": [5, 0, 12, 16], "texture": "#0"},
				"west": {"uv": [5, 0, 12, 16], "texture": "#0"},
				"up": {"uv": [5, 9, 12, 16], "texture": "#0"},
				"down": {"uv": [5, 0, 12, 7], "texture": "#0"}
			}
		},
		{
			"from": [8, 6.5, 7.5],
			"to": [9, 7.5, 8.5],
			"rotation": {"angle": -22.5, "axis": "z", "origin": [8, 7, 8]},
			"faces": {
				"north": {"uv": [0, 0, 16, 16], "rotation": 90, "texture": "#1"},
				"east": {"uv": [0, 0, 16, 16], "rotation": 90, "texture": "#1"},
				"south": {"uv": [0, 0, 16, 16], "rotation": 90, "texture": "#1"},
				"west": {"uv": [0, 0, 16, 16], "rotation": 90, "texture": "#1"},
				"up": {"uv": [0, 0, 16, 16], "rotation": 90, "texture": "#1"},
				"down": {"uv": [0, 0, 16, 16], "rotation": 90, "texture": "#1"}
			}
		},
		{
			"from": [9, 6.6, 7.6],
			"to": [9.8, 7.4, 8.4],
			"rotation": {"angle": -22.5, "axis": "z", "origin": [8, 7, 8]},
			"faces": {
				"north": {"uv": [0, 0, 16, 16], "rotation": 90, "texture": "#1"},
				"east": {"uv": [0, 0, 16, 16], "rotation": 90, "texture": "#1"},
				"south": {"uv": [0, 0, 16, 16], "rotation": 90, "texture": "#1"},
				"west": {"uv": [0, 0, 16, 16], "rotation": 90, "texture": "#1"},
				"up": {"uv": [0, 0, 16, 16], "rotation": 90, "texture": "#1"},
				"down": {"uv": [0, 0, 16, 16], "rotation": 90, "texture": "#1"}
			}
		},
		{
			"from": [9.8, 6.65, 7.65],
			"to": [10.5, 7.35, 8.35],
			"rotation": {"angle": -22.5, "axis": "z", "origin": [8, 7, 8]},
			"faces": {
				"north": {"uv": [0, 0, 16, 16], "rotation": 90, "texture": "#1"},
				"east": {"uv": [0, 0, 16, 16], "rotation": 90, "texture": "#1"},
				"south": {"uv": [0, 0, 16, 16], "rotation": 90, "texture": "#1"},
				"west": {"uv": [0, 0, 16, 16], "rotation": 90, "texture": "#1"},
				"up": {"uv": [0, 0, 16, 16], "rotation": 90, "texture": "#1"},
				"down": {"uv": [0, 0, 16, 16], "rotation": 90, "texture": "#1"}
			}
		},
		{
			"from": [10.5, 6.7, 7.7],
			"to": [11.1, 7.3, 8.3],
			"rotation": {"angle": -22.5, "axis": "z", "origin": [8, 7, 8]},
			"faces": {
				"north": {"uv": [0, 0, 16, 16], "rotation": 90, "texture": "#1"},
				"east": {"uv": [0, 0, 16, 16], "rotation": 90, "texture": "#1"},
				"south": {"uv": [0, 0, 16, 16], "rotation": 90, "texture": "#1"},
				"west": {"uv": [0, 0, 16, 16], "rotation": 90, "texture": "#1"},
				"up": {"uv": [0, 0, 16, 16], "rotation": 90, "texture": "#1"},
				"down": {"uv": [0, 0, 16, 16], "rotation": 90, "texture": "#1"}
			}
		},
		{
			"from": [11.1, 6.5, 7.5],
			"to": [12.1, 7.5, 8.5],
			"rotation": {"angle": -22.5, "axis": "z", "origin": [8, 7, 8]},
			"faces": {
				"north": {"uv": [0, 0, 16, 16], "rotation": 90, "texture": "#3"},
				"east": {"uv": [0, 0, 16, 16], "rotation": 90, "texture": "#3"},
				"south": {"uv": [0, 0, 16, 16], "rotation": 90, "texture": "#3"},
				"west": {"uv": [0, 0, 16, 16], "rotation": 90, "texture": "#3"},
				"up": {"uv": [0, 0, 16, 16], "rotation": 90, "texture": "#3"},
				"down": {"uv": [0, 0, 16, 16], "rotation": 90, "texture": "#3"}
			}
		},
		{
			"from": [7, 6.5, 7.5],
			"to": [8, 7.5, 8.5],
			"rotation": {"angle": 22.5, "axis": "z", "origin": [8, 7, 8]},
			"faces": {
				"north": {"uv": [0, 0, 16, 16], "rotation": 270, "texture": "#1"},
				"east": {"uv": [0, 0, 16, 16], "rotation": 270, "texture": "#1"},
				"south": {"uv": [0, 0, 16, 16], "rotation": 270, "texture": "#1"},
				"west": {"uv": [0, 0, 16, 16], "rotation": 270, "texture": "#1"},
				"up": {"uv": [0, 0, 16, 16], "rotation": 270, "texture": "#1"},
				"down": {"uv": [0, 0, 16, 16], "rotation": 270, "texture": "#1"}
			}
		},
		{
			"from": [6.2, 6.6, 7.6],
			"to": [7, 7.4, 8.4],
			"rotation": {"angle": 22.5, "axis": "z", "origin": [8, 7, 8]},
			"faces": {
				"north": {"uv": [0, 0, 16, 16], "rotation": 270, "texture": "#1"},
				"east": {"uv": [0, 0, 16, 16], "rotation": 270, "texture": "#1"},
				"south": {"uv": [0, 0, 16, 16], "rotation": 270, "texture": "#1"},
				"west": {"uv": [0, 0, 16, 16], "rotation": 270, "texture": "#1"},
				"up": {"uv": [0, 0, 16, 16], "rotation": 270, "texture": "#1"},
				"down": {"uv": [0, 0, 16, 16], "rotation": 270, "texture": "#1"}
			}
		},
		{
			"from": [5.5, 6.65, 7.65],
			"to": [6.2, 7.35, 8.35],
			"rotation": {"angle": 22.5, "axis": "z", "origin": [8, 7, 8]},
			"faces": {
				"north": {"uv": [0, 0, 16, 16], "rotation": 270, "texture": "#1"},
				"east": {"uv": [0, 0, 16, 16], "rotation": 270, "texture": "#1"},
				"south": {"uv": [0, 0, 16, 16], "rotation": 270, "texture": "#1"},
				"west": {"uv": [0, 0, 16, 16], "rotation": 270, "texture": "#1"},
				"up": {"uv": [0, 0, 16, 16], "rotation": 270, "texture": "#1"},
				"down": {"uv": [0, 0, 16, 16], "rotation": 270, "texture": "#1"}
			}
		},
		{
			"from": [4.9, 6.7, 7.7],
			"to": [5.5, 7.3, 8.3],
			"rotation": {"angle": 22.5, "axis": "z", "origin": [8, 7, 8]},
			"faces": {
				"north": {"uv": [0, 0, 16, 16], "rotation": 270, "texture": "#1"},
				"east": {"uv": [0, 0, 16, 16], "rotation": 270, "texture": "#1"},
				"south": {"uv": [0, 0, 16, 16], "rotation": 270, "texture": "#1"},
				"west": {"uv": [0, 0, 16, 16], "rotation": 270, "texture": "#1"},
				"up": {"uv": [0, 0, 16, 16], "rotation": 270, "texture": "#1"},
				"down": {"uv": [0, 0, 16, 16], "rotation": 270, "texture": "#1"}
			}
		},
		{
			"from": [3.9, 6.5, 7.5],
			"to": [4.9, 7.5, 8.5],
			"rotation": {"angle": 22.5, "axis": "z", "origin": [8, 7, 8]},
			"faces": {
				"north": {"uv": [0, 0, 16, 16], "rotation": 270, "texture": "#3"},
				"east": {"uv": [0, 0, 16, 16], "rotation": 270, "texture": "#3"},
				"south": {"uv": [0, 0, 16, 16], "rotation": 270, "texture": "#3"},
				"west": {"uv": [0, 0, 16, 16], "rotation": 270, "texture": "#3"},
				"up": {"uv": [0, 0, 16, 16], "rotation": 270, "texture": "#3"},
				"down": {"uv": [0, 0, 16, 16], "rotation": 270, "texture": "#3"}
			}
		},
		{
			"from": [7.8, 7, 7.5],
			"to": [8.2, 7.4575, 8.5],
			"rotation": {"angle": 0, "axis": "z", "origin": [8, 7, 8]},
			"faces": {
				"north": {"uv": [0, 0, 16, 16], "texture": "#1"},
				"east": {"uv": [0, 0, 16, 16], "texture": "#1"},
				"south": {"uv": [0, 0, 16, 16], "texture": "#1"},
				"west": {"uv": [0, 0, 16, 16], "texture": "#1"},
				"up": {"uv": [0, 0, 16, 16], "texture": "#1"},
				"down": {"uv": [0, 0, 16, 16], "texture": "#1"}
			}
		},
		{
			"from": [7.7, 7, 7.7],
			"to": [8.3, 7.6, 8.3],
			"rotation": {"angle": 0, "axis": "z", "origin": [8, 7, 8]},
			"faces": {
				"north": {"uv": [0, 0, 16, 16], "rotation": 180, "texture": "#1"},
				"east": {"uv": [0, 0, 16, 16], "texture": "#1"},
				"south": {"uv": [0, 0, 16, 16], "texture": "#1"},
				"west": {"uv": [0, 0, 16, 16], "texture": "#1"},
				"up": {"uv": [0, 0, 16, 16], "texture": "#1"},
				"down": {"uv": [0, 0, 16, 16], "texture": "#1"}
			}
		},
		{
			"from": [7.75, 7.6, 7.75],
			"to": [8.25, 8.1, 8.25],
			"rotation": {"angle": 0, "axis": "z", "origin": [8, 7, 8]},
			"faces": {
				"north": {"uv": [0, 0, 16, 16], "rotation": 180, "texture": "#1"},
				"east": {"uv": [0, 0, 16, 16], "texture": "#1"},
				"south": {"uv": [0, 0, 16, 16], "texture": "#1"},
				"west": {"uv": [0, 0, 16, 16], "texture": "#1"},
				"up": {"uv": [0, 0, 16, 16], "texture": "#1"},
				"down": {"uv": [0, 0, 16, 16], "texture": "#1"}
			}
		},
		{
			"from": [7.775, 8.1, 7.775],
			"to": [8.225, 8.55, 8.225],
			"rotation": {"angle": 0, "axis": "z", "origin": [8, 7, 8]},
			"faces": {
				"north": {"uv": [0, 0, 16, 16], "rotation": 180, "texture": "#1"},
				"east": {"uv": [0, 0, 16, 16], "texture": "#1"},
				"south": {"uv": [0, 0, 16, 16], "texture": "#1"},
				"west": {"uv": [0, 0, 16, 16], "texture": "#1"},
				"up": {"uv": [0, 0, 16, 16], "texture": "#1"},
				"down": {"uv": [0, 0, 16, 16], "texture": "#1"}
			}
		},
		{
			"from": [7.8, 8.5, 7.8],
			"to": [8.2, 8.9, 8.2],
			"rotation": {"angle": 0, "axis": "z", "origin": [8, 7, 8]},
			"faces": {
				"north": {"uv": [0, 0, 16, 16], "rotation": 180, "texture": "#1"},
				"east": {"uv": [0, 0, 16, 16], "texture": "#1"},
				"south": {"uv": [0, 0, 16, 16], "texture": "#1"},
				"west": {"uv": [0, 0, 16, 16], "texture": "#1"},
				"up": {"uv": [0, 0, 16, 16], "texture": "#1"},
				"down": {"uv": [0, 0, 16, 16], "texture": "#1"}
			}
		},
		{
			"from": [7.5, 7, 7.95],
			"to": [8.5, 7.5, 8.05],
			"rotation": {"angle": 0, "axis": "z", "origin": [8, 7, 8]},
			"faces": {
				"north": {"uv": [7, 1, 11, 11], "texture": "#2"},
				"east": {"uv": [7, 1, 11, 11], "texture": "#2"},
				"south": {"uv": [7, 1, 11, 11], "texture": "#2"},
				"west": {"uv": [7, 1, 11, 11], "texture": "#2"},
				"up": {"uv": [7, 1, 11, 11], "texture": "#2"},
				"down": {"uv": [7, 1, 11, 11], "texture": "#2"}
			}
		},
		{
			"from": [7.5, 7.5, 7.95],
			"to": [8.5, 8, 8.05],
			"rotation": {"angle": 0, "axis": "z", "origin": [8, 7, 8]},
			"faces": {
				"north": {"uv": [7, 1, 11, 11], "texture": "#2"},
				"east": {"uv": [7, 1, 11, 11], "texture": "#2"},
				"south": {"uv": [7, 1, 11, 11], "texture": "#2"},
				"west": {"uv": [7, 1, 11, 11], "texture": "#2"},
				"up": {"uv": [7, 1, 11, 11], "texture": "#2"},
				"down": {"uv": [7, 1, 11, 11], "texture": "#2"}
			}
		},
		{
			"from": [7.5, 8, 7.95],
			"to": [8.5, 8.5, 8.05],
			"rotation": {"angle": 0, "axis": "z", "origin": [8, 7, 8]},
			"faces": {
				"north": {"uv": [7, 1, 11, 11], "texture": "#2"},
				"east": {"uv": [7, 1, 11, 11], "texture": "#2"},
				"south": {"uv": [7, 1, 11, 11], "texture": "#2"},
				"west": {"uv": [7, 1, 11, 11], "texture": "#2"},
				"up": {"uv": [7, 1, 11, 11], "texture": "#2"},
				"down": {"uv": [7, 1, 11, 11], "texture": "#2"}
			}
		},
		{
			"from": [7.5, 8.5, 7.95],
			"to": [8.5, 9, 8.05],
			"rotation": {"angle": 0, "axis": "z", "origin": [8, 7, 8]},
			"faces": {
				"north": {"uv": [7, 1, 11, 11], "texture": "#2"},
				"east": {"uv": [7, 1, 11, 11], "texture": "#2"},
				"south": {"uv": [7, 1, 11, 11], "texture": "#2"},
				"west": {"uv": [7, 1, 11, 11], "texture": "#2"},
				"up": {"uv": [7, 1, 11, 11], "texture": "#2"},
				"down": {"uv": [7, 1, 11, 11], "texture": "#2"}
			}
		},
		{
			"from": [7.5, 9, 7.95],
			"to": [8.5, 9.5, 8.05],
			"rotation": {"angle": 0, "axis": "z", "origin": [8, 7, 8]},
			"faces": {
				"north": {"uv": [7, 1, 11, 11], "texture": "#2"},
				"east": {"uv": [7, 1, 11, 11], "texture": "#2"},
				"south": {"uv": [7, 1, 11, 11], "texture": "#2"},
				"west": {"uv": [7, 1, 11, 11], "texture": "#2"},
				"up": {"uv": [7, 1, 11, 11], "texture": "#2"},
				"down": {"uv": [7, 1, 11, 11], "texture": "#2"}
			}
		},
		{
			"from": [7.5, 9.5, 7.95],
			"to": [8.5, 10, 8.05],
			"rotation": {"angle": 0, "axis": "z", "origin": [8, 7, 8]},
			"faces": {
				"north": {"uv": [7, 1, 11, 11], "texture": "#2"},
				"east": {"uv": [7, 1, 11, 11], "texture": "#2"},
				"south": {"uv": [7, 1, 11, 11], "texture": "#2"},
				"west": {"uv": [7, 1, 11, 11], "texture": "#2"},
				"up": {"uv": [7, 1, 11, 11], "texture": "#2"},
				"down": {"uv": [7, 1, 11, 11], "texture": "#2"}
			}
		},
		{
			"from": [7.5, 10, 7.95],
			"to": [8.5, 10.5, 8.05],
			"rotation": {"angle": 0, "axis": "z", "origin": [8, 7, 8]},
			"faces": {
				"north": {"uv": [7, 1, 11, 11], "texture": "#2"},
				"east": {"uv": [7, 1, 11, 11], "texture": "#2"},
				"south": {"uv": [7, 1, 11, 11], "texture": "#2"},
				"west": {"uv": [7, 1, 11, 11], "texture": "#2"},
				"up": {"uv": [7, 1, 11, 11], "texture": "#2"},
				"down": {"uv": [7, 1, 11, 11], "texture": "#2"}
			}
		},
		{
			"from": [7.5, 10.5, 7.95],
			"to": [8.5, 11, 8.05],
			"rotation": {"angle": 0, "axis": "z", "origin": [8, 7, 8]},
			"faces": {
				"north": {"uv": [7, 1, 11, 11], "texture": "#2"},
				"east": {"uv": [7, 1, 11, 11], "texture": "#2"},
				"south": {"uv": [7, 1, 11, 11], "texture": "#2"},
				"west": {"uv": [7, 1, 11, 11], "texture": "#2"},
				"up": {"uv": [7, 1, 11, 11], "texture": "#2"},
				"down": {"uv": [7, 1, 11, 11], "texture": "#2"}
			}
		},
		{
			"from": [7.5, 11, 7.95],
			"to": [8.5, 11.5, 8.05],
			"rotation": {"angle": 0, "axis": "z", "origin": [8, 7, 8]},
			"faces": {
				"north": {"uv": [7, 1, 11, 11], "texture": "#2"},
				"east": {"uv": [7, 1, 11, 11], "texture": "#2"},
				"south": {"uv": [7, 1, 11, 11], "texture": "#2"},
				"west": {"uv": [7, 1, 11, 11], "texture": "#2"},
				"up": {"uv": [7, 1, 11, 11], "texture": "#2"},
				"down": {"uv": [7, 1, 11, 11], "texture": "#2"}
			}
		},
		{
			"from": [7.5, 11.5, 7.95],
			"to": [8.5, 12, 8.05],
			"rotation": {"angle": 0, "axis": "z", "origin": [8, 7, 8]},
			"faces": {
				"north": {"uv": [7, 1, 11, 11], "texture": "#2"},
				"east": {"uv": [7, 1, 11, 11], "texture": "#2"},
				"south": {"uv": [7, 1, 11, 11], "texture": "#2"},
				"west": {"uv": [7, 1, 11, 11], "texture": "#2"},
				"up": {"uv": [7, 1, 11, 11], "texture": "#2"},
				"down": {"uv": [7, 1, 11, 11], "texture": "#2"}
			}
		},
		{
			"from": [7.5, 12, 7.95],
			"to": [8.5, 12.5, 8.05],
			"rotation": {"angle": 0, "axis": "z", "origin": [8, 7, 8]},
			"faces": {
				"north": {"uv": [7, 1, 11, 11], "texture": "#2"},
				"east": {"uv": [7, 1, 11, 11], "texture": "#2"},
				"south": {"uv": [7, 1, 11, 11], "texture": "#2"},
				"west": {"uv": [7, 1, 11, 11], "texture": "#2"},
				"up": {"uv": [7, 1, 11, 11], "texture": "#2"},
				"down": {"uv": [7, 1, 11, 11], "texture": "#2"}
			}
		},
		{
			"from": [7.6, 12.5, 7.95],
			"to": [8.4, 13, 8.05],
			"rotation": {"angle": 0, "axis": "z", "origin": [8, 9.5, 8]},
			"faces": {
				"north": {"uv": [7, 1, 11, 11], "texture": "#2"},
				"east": {"uv": [7, 1, 11, 11], "texture": "#2"},
				"south": {"uv": [7, 1, 11, 11], "texture": "#2"},
				"west": {"uv": [7, 1, 11, 11], "texture": "#2"},
				"up": {"uv": [7, 1, 11, 11], "texture": "#2"},
				"down": {"uv": [7, 1, 11, 11], "texture": "#2"}
			}
		},
		{
			"from": [7.5, 12.5, 7.98],
			"to": [7.6, 13, 8.02],
			"rotation": {"angle": 0, "axis": "z", "origin": [8, 9.5, 8]},
			"faces": {
				"north": {"uv": [0, 0, 0.1, 2], "texture": "#2"},
				"east": {"uv": [0, 0, 0.04, 2], "texture": "#2"},
				"south": {"uv": [0, 0, 1, 2], "texture": "#2"},
				"west": {"uv": [0, 0, 0.04, 2], "texture": "#2"},
				"up": {"uv": [0, 0, 0.1, 0.04], "texture": "#2"},
				"down": {"uv": [0, 0, 0.1, 0.04], "texture": "#2"}
			}
		},
		{
			"from": [8.4, 12.5, 7.98],
			"to": [8.5, 13, 8.02],
			"rotation": {"angle": 0, "axis": "z", "origin": [8, 9.5, 8]},
			"faces": {
				"north": {"uv": [0, 0, 0.1, 2], "texture": "#2"},
				"east": {"uv": [0, 0, 0.04, 2], "texture": "#2"},
				"south": {"uv": [0, 0, 1, 2], "texture": "#2"},
				"west": {"uv": [0, 0, 0.04, 2], "texture": "#2"},
				"up": {"uv": [0, 0, 0.1, 0.04], "texture": "#2"},
				"down": {"uv": [0, 0, 0.1, 0.04], "texture": "#2"}
			}
		},
		{
			"from": [7.608, 12.99, 7.951],
			"to": [8.392, 13.48, 8.049],
			"rotation": {"angle": 0, "axis": "z", "origin": [8, 10.05, 8]},
			"faces": {
				"north": {"uv": [7, 1, 11, 11], "texture": "#2"},
				"east": {"uv": [7, 1, 11, 11], "texture": "#2"},
				"south": {"uv": [7, 1, 11, 11], "texture": "#2"},
				"west": {"uv": [7, 1, 11, 11], "texture": "#2"},
				"up": {"uv": [7, 1, 11, 11], "texture": "#2"},
				"down": {"uv": [7, 1, 11, 11], "texture": "#2"}
			}
		},
		{
			"from": [7.51, 12.99, 7.9804],
			"to": [7.608, 13.48, 8.0196],
			"rotation": {"angle": 0, "axis": "z", "origin": [8, 10.05, 8]},
			"faces": {
				"north": {"uv": [0, 0, 0.1, 2], "texture": "#2"},
				"east": {"uv": [0, 0, 0.04, 2], "texture": "#2"},
				"south": {"uv": [0, 0, 1, 2], "texture": "#2"},
				"west": {"uv": [0, 0, 0.04, 2], "texture": "#2"},
				"up": {"uv": [0, 0, 0.1, 0.04], "texture": "#2"},
				"down": {"uv": [0, 0, 0.1, 0.04], "texture": "#2"}
			}
		},
		{
			"from": [8.392, 12.99, 7.9804],
			"to": [8.49, 13.48, 8.0196],
			"rotation": {"angle": 0, "axis": "z", "origin": [8, 10.05, 8]},
			"faces": {
				"north": {"uv": [0, 0, 0.1, 2], "texture": "#2"},
				"east": {"uv": [0, 0, 0.04, 2], "texture": "#2"},
				"south": {"uv": [0, 0, 1, 2], "texture": "#2"},
				"west": {"uv": [0, 0, 0.04, 2], "texture": "#2"},
				"up": {"uv": [0, 0, 0.1, 0.04], "texture": "#2"},
				"down": {"uv": [0, 0, 0.1, 0.04], "texture": "#2"}
			}
		},
		{
			"from": [7.61584, 13.4702, 7.95198],
			"to": [8.38416, 13.9504, 8.04802],
			"rotation": {"angle": 0, "axis": "z", "origin": [8, 10.589, 8]},
			"faces": {
				"north": {"uv": [7, 1, 11, 11], "texture": "#2"},
				"east": {"uv": [7, 1, 11, 11], "texture": "#2"},
				"south": {"uv": [7, 1, 11, 11], "texture": "#2"},
				"west": {"uv": [7, 1, 11, 11], "texture": "#2"},
				"up": {"uv": [7, 1, 11, 11], "texture": "#2"},
				"down": {"uv": [7, 1, 11, 11], "texture": "#2"}
			}
		},
		{
			"from": [7.5198, 13.4702, 7.98079],
			"to": [7.61584, 13.9504, 8.01921],
			"rotation": {"angle": 0, "axis": "z", "origin": [8, 10.589, 8]},
			"faces": {
				"north": {"uv": [0, 0, 0.1, 2], "texture": "#2"},
				"east": {"uv": [0, 0, 0.04, 2], "texture": "#2"},
				"south": {"uv": [0, 0, 1, 2], "texture": "#2"},
				"west": {"uv": [0, 0, 0.04, 2], "texture": "#2"},
				"up": {"uv": [0, 0, 0.1, 0.04], "texture": "#2"},
				"down": {"uv": [0, 0, 0.1, 0.04], "texture": "#2"}
			}
		},
		{
			"from": [8.38416, 13.4702, 7.98079],
			"to": [8.4802, 13.9504, 8.01921],
			"rotation": {"angle": 0, "axis": "z", "origin": [8, 10.589, 8]},
			"faces": {
				"north": {"uv": [0, 0, 0.1, 2], "texture": "#2"},
				"east": {"uv": [0, 0, 0.04, 2], "texture": "#2"},
				"south": {"uv": [0, 0, 1, 2], "texture": "#2"},
				"west": {"uv": [0, 0, 0.04, 2], "texture": "#2"},
				"up": {"uv": [0, 0, 0.1, 0.04], "texture": "#2"},
				"down": {"uv": [0, 0, 0.1, 0.04], "texture": "#2"}
			}
		},
		{
			"from": [7.62352, 13.9408, 7.95294],
			"to": [8.37648, 14.41139, 8.04706],
			"rotation": {"angle": 0, "axis": "z", "origin": [8, 11.11722, 8]},
			"faces": {
				"north": {"uv": [7, 1, 11, 11], "texture": "#2"},
				"east": {"uv": [7, 1, 11, 11], "texture": "#2"},
				"south": {"uv": [7, 1, 11, 11], "texture": "#2"},
				"west": {"uv": [7, 1, 11, 11], "texture": "#2"},
				"up": {"uv": [7, 1, 11, 11], "texture": "#2"},
				"down": {"uv": [7, 1, 11, 11], "texture": "#2"}
			}
		},
		{
			"from": [7.5294, 13.9408, 7.98118],
			"to": [7.62352, 14.41139, 8.01882],
			"rotation": {"angle": 0, "axis": "z", "origin": [8, 11.11722, 8]},
			"faces": {
				"north": {"uv": [0, 0, 0.1, 2], "texture": "#2"},
				"east": {"uv": [0, 0, 0.04, 2], "texture": "#2"},
				"south": {"uv": [0, 0, 1, 2], "texture": "#2"},
				"west": {"uv": [0, 0, 0.04, 2], "texture": "#2"},
				"up": {"uv": [0, 0, 0.1, 0.04], "texture": "#2"},
				"down": {"uv": [0, 0, 0.1, 0.04], "texture": "#2"}
			}
		},
		{
			"from": [8.37648, 13.9408, 7.98118],
			"to": [8.4706, 14.41139, 8.01882],
			"rotation": {"angle": 0, "axis": "z", "origin": [8, 11.11722, 8]},
			"faces": {
				"north": {"uv": [0, 0, 0.1, 2], "texture": "#2"},
				"east": {"uv": [0, 0, 0.04, 2], "texture": "#2"},
				"south": {"uv": [0, 0, 1, 2], "texture": "#2"},
				"west": {"uv": [0, 0, 0.04, 2], "texture": "#2"},
				"up": {"uv": [0, 0, 0.1, 0.04], "texture": "#2"},
				"down": {"uv": [0, 0, 0.1, 0.04], "texture": "#2"}
			}
		},
		{
			"from": [7.63105, 14.40198, 7.95388],
			"to": [8.36895, 14.86316, 8.04612],
			"rotation": {"angle": 0, "axis": "z", "origin": [8, 11.63488, 8]},
			"faces": {
				"north": {"uv": [7, 1, 11, 11], "texture": "#2"},
				"east": {"uv": [7, 1, 11, 11], "texture": "#2"},
				"south": {"uv": [7, 1, 11, 11], "texture": "#2"},
				"west": {"uv": [7, 1, 11, 11], "texture": "#2"},
				"up": {"uv": [7, 1, 11, 11], "texture": "#2"},
				"down": {"uv": [7, 1, 11, 11], "texture": "#2"}
			}
		},
		{
			"from": [7.53882, 14.40198, 7.98155],
			"to": [7.63105, 14.86316, 8.01845],
			"rotation": {"angle": 0, "axis": "z", "origin": [8, 11.63488, 8]},
			"faces": {
				"north": {"uv": [0, 0, 0.1, 2], "texture": "#2"},
				"east": {"uv": [0, 0, 0.04, 2], "texture": "#2"},
				"south": {"uv": [0, 0, 1, 2], "texture": "#2"},
				"west": {"uv": [0, 0, 0.04, 2], "texture": "#2"},
				"up": {"uv": [0, 0, 0.1, 0.04], "texture": "#2"},
				"down": {"uv": [0, 0, 0.1, 0.04], "texture": "#2"}
			}
		},
		{
			"from": [8.36895, 14.40198, 7.98155],
			"to": [8.46118, 14.86316, 8.01845],
			"rotation": {"angle": 0, "axis": "z", "origin": [8, 11.63488, 8]},
			"faces": {
				"north": {"uv": [0, 0, 0.1, 2], "texture": "#2"},
				"east": {"uv": [0, 0, 0.04, 2], "texture": "#2"},
				"south": {"uv": [0, 0, 1, 2], "texture": "#2"},
				"west": {"uv": [0, 0, 0.04, 2], "texture": "#2"},
				"up": {"uv": [0, 0, 0.1, 0.04], "texture": "#2"},
				"down": {"uv": [0, 0, 0.1, 0.04], "texture": "#2"}
			}
		},
		{
			"from": [7.63843, 14.85394, 7.9548],
			"to": [8.36157, 15.3059, 8.0452],
			"rotation": {"angle": 0, "axis": "z", "origin": [8, 12.14218, 8]},
			"faces": {
				"north": {"uv": [7, 1, 11, 11], "texture": "#2"},
				"east": {"uv": [7, 1, 11, 11], "texture": "#2"},
				"south": {"uv": [7, 1, 11, 11], "texture": "#2"},
				"west": {"uv": [7, 1, 11, 11], "texture": "#2"},
				"up": {"uv": [7, 1, 11, 11], "texture": "#2"},
				"down": {"uv": [7, 1, 11, 11], "texture": "#2"}
			}
		},
		{
			"from": [7.54804, 14.85394, 7.98192],
			"to": [7.63843, 15.3059, 8.01808],
			"rotation": {"angle": 0, "axis": "z", "origin": [8, 12.14218, 8]},
			"faces": {
				"north": {"uv": [0, 0, 0.1, 2], "texture": "#2"},
				"east": {"uv": [0, 0, 0.04, 2], "texture": "#2"},
				"south": {"uv": [0, 0, 1, 2], "texture": "#2"},
				"west": {"uv": [0, 0, 0.04, 2], "texture": "#2"},
				"up": {"uv": [0, 0, 0.1, 0.04], "texture": "#2"},
				"down": {"uv": [0, 0, 0.1, 0.04], "texture": "#2"}
			}
		},
		{
			"from": [8.36157, 14.85394, 7.98192],
			"to": [8.45196, 15.3059, 8.01808],
			"rotation": {"angle": 0, "axis": "z", "origin": [8, 12.14218, 8]},
			"faces": {
				"north": {"uv": [0, 0, 0.1, 2], "texture": "#2"},
				"east": {"uv": [0, 0, 0.04, 2], "texture": "#2"},
				"south": {"uv": [0, 0, 1, 2], "texture": "#2"},
				"west": {"uv": [0, 0, 0.04, 2], "texture": "#2"},
				"up": {"uv": [0, 0, 0.1, 0.04], "texture": "#2"},
				"down": {"uv": [0, 0, 0.1, 0.04], "texture": "#2"}
			}
		},
		{
			"from": [7.64566, 15.29686, 7.95571],
			"to": [8.35434, 15.73978, 8.04429],
			"rotation": {"angle": 0, "axis": "z", "origin": [8, 12.63933, 8]},
			"faces": {
				"north": {"uv": [7, 1, 11, 11], "texture": "#2"},
				"east": {"uv": [7, 1, 11, 11], "texture": "#2"},
				"south": {"uv": [7, 1, 11, 11], "texture": "#2"},
				"west": {"uv": [7, 1, 11, 11], "texture": "#2"},
				"up": {"uv": [7, 1, 11, 11], "texture": "#2"},
				"down": {"uv": [7, 1, 11, 11], "texture": "#2"}
			}
		},
		{
			"from": [7.55708, 15.29686, 7.98228],
			"to": [7.64566, 15.73978, 8.01772],
			"rotation": {"angle": 0, "axis": "z", "origin": [8, 12.63933, 8]},
			"faces": {
				"north": {"uv": [0, 0, 0.1, 2], "texture": "#2"},
				"east": {"uv": [0, 0, 0.04, 2], "texture": "#2"},
				"south": {"uv": [0, 0, 1, 2], "texture": "#2"},
				"west": {"uv": [0, 0, 0.04, 2], "texture": "#2"},
				"up": {"uv": [0, 0, 0.1, 0.04], "texture": "#2"},
				"down": {"uv": [0, 0, 0.1, 0.04], "texture": "#2"}
			}
		},
		{
			"from": [8.35434, 15.29686, 7.98228],
			"to": [8.44292, 15.73978, 8.01772],
			"rotation": {"angle": 0, "axis": "z", "origin": [8, 12.63933, 8]},
			"faces": {
				"north": {"uv": [0, 0, 0.1, 2], "texture": "#2"},
				"east": {"uv": [0, 0, 0.04, 2], "texture": "#2"},
				"south": {"uv": [0, 0, 1, 2], "texture": "#2"},
				"west": {"uv": [0, 0, 0.04, 2], "texture": "#2"},
				"up": {"uv": [0, 0, 0.1, 0.04], "texture": "#2"},
				"down": {"uv": [0, 0, 0.1, 0.04], "texture": "#2"}
			}
		},
		{
			"from": [7.65275, 15.73092, 7.95659],
			"to": [8.34725, 16.16499, 8.04341],
			"rotation": {"angle": 0, "axis": "z", "origin": [8, 13.12655, 8]},
			"faces": {
				"north": {"uv": [7, 1, 11, 11], "texture": "#2"},
				"east": {"uv": [7, 1, 11, 11], "texture": "#2"},
				"south": {"uv": [7, 1, 11, 11], "texture": "#2"},
				"west": {"uv": [7, 1, 11, 11], "texture": "#2"},
				"up": {"uv": [7, 1, 11, 11], "texture": "#2"},
				"down": {"uv": [7, 1, 11, 11], "texture": "#2"}
			}
		},
		{
			"from": [7.56594, 15.73092, 7.98264],
			"to": [7.65275, 16.16499, 8.01736],
			"rotation": {"angle": 0, "axis": "z", "origin": [8, 13.12655, 8]},
			"faces": {
				"north": {"uv": [0, 0, 0.1, 2], "texture": "#2"},
				"east": {"uv": [0, 0, 0.04, 2], "texture": "#2"},
				"south": {"uv": [0, 0, 1, 2], "texture": "#2"},
				"west": {"uv": [0, 0, 0.04, 2], "texture": "#2"},
				"up": {"uv": [0, 0, 0.1, 0.04], "texture": "#2"},
				"down": {"uv": [0, 0, 0.1, 0.04], "texture": "#2"}
			}
		},
		{
			"from": [8.34725, 15.73092, 7.98264],
			"to": [8.43406, 16.16499, 8.01736],
			"rotation": {"angle": 0, "axis": "z", "origin": [8, 13.12655, 8]},
			"faces": {
				"north": {"uv": [0, 0, 0.1, 2], "texture": "#2"},
				"east": {"uv": [0, 0, 0.04, 2], "texture": "#2"},
				"south": {"uv": [0, 0, 1, 2], "texture": "#2"},
				"west": {"uv": [0, 0, 0.04, 2], "texture": "#2"},
				"up": {"uv": [0, 0, 0.1, 0.04], "texture": "#2"},
				"down": {"uv": [0, 0, 0.1, 0.04], "texture": "#2"}
			}
		},
		{
			"from": [7.65969, 16.14681, 7.95746],
			"to": [8.34031, 16.57219, 8.04254],
			"rotation": {"angle": 0, "axis": "z", "origin": [8, 13.59452, 8]},
			"faces": {
				"north": {"uv": [7, 1, 11, 11], "texture": "#2"},
				"east": {"uv": [7, 1, 11, 11], "texture": "#2"},
				"south": {"uv": [7, 1, 11, 11], "texture": "#2"},
				"west": {"uv": [7, 1, 11, 11], "texture": "#2"},
				"up": {"uv": [7, 1, 11, 11], "texture": "#2"},
				"down": {"uv": [7, 1, 11, 11], "texture": "#2"}
			}
		},
		{
			"from": [7.57462, 16.14681, 7.98298],
			"to": [7.65969, 16.57219, 8.01702],
			"rotation": {"angle": 0, "axis": "z", "origin": [8, 13.59452, 8]},
			"faces": {
				"north": {"uv": [0, 0, 0.1, 2], "texture": "#2"},
				"east": {"uv": [0, 0, 0.04, 2], "texture": "#2"},
				"south": {"uv": [0, 0, 1, 2], "texture": "#2"},
				"west": {"uv": [0, 0, 0.04, 2], "texture": "#2"},
				"up": {"uv": [0, 0, 0.1, 0.04], "texture": "#2"},
				"down": {"uv": [0, 0, 0.1, 0.04], "texture": "#2"}
			}
		},
		{
			"from": [8.34031, 16.14681, 7.98298],
			"to": [8.42538, 16.57219, 8.01702],
			"rotation": {"angle": 0, "axis": "z", "origin": [8, 13.59452, 8]},
			"faces": {
				"north": {"uv": [0, 0, 0.1, 2], "texture": "#2"},
				"east": {"uv": [0, 0, 0.04, 2], "texture": "#2"},
				"south": {"uv": [0, 0, 1, 2], "texture": "#2"},
				"west": {"uv": [0, 0, 0.04, 2], "texture": "#2"},
				"up": {"uv": [0, 0, 0.1, 0.04], "texture": "#2"},
				"down": {"uv": [0, 0, 0.1, 0.04], "texture": "#2"}
			}
		},
		{
			"from": [7.6665, 16.56387, 7.95831],
			"to": [8.3335, 16.98074, 8.04169],
			"rotation": {"angle": 0, "axis": "z", "origin": [8, 14.06263, 8]},
			"faces": {
				"north": {"uv": [7, 1, 11, 11], "texture": "#2"},
				"east": {"uv": [7, 1, 11, 11], "texture": "#2"},
				"south": {"uv": [7, 1, 11, 11], "texture": "#2"},
				"west": {"uv": [7, 1, 11, 11], "texture": "#2"},
				"up": {"uv": [7, 1, 11, 11], "texture": "#2"},
				"down": {"uv": [7, 1, 11, 11], "texture": "#2"}
			}
		},
		{
			"from": [7.58313, 16.56387, 7.98333],
			"to": [7.6665, 16.98074, 8.01667],
			"rotation": {"angle": 0, "axis": "z", "origin": [8, 14.06263, 8]},
			"faces": {
				"north": {"uv": [0, 0, 0.1, 2], "texture": "#2"},
				"east": {"uv": [0, 0, 0.04, 2], "texture": "#2"},
				"south": {"uv": [0, 0, 1, 2], "texture": "#2"},
				"west": {"uv": [0, 0, 0.04, 2], "texture": "#2"},
				"up": {"uv": [0, 0, 0.1, 0.04], "texture": "#2"},
				"down": {"uv": [0, 0, 0.1, 0.04], "texture": "#2"}
			}
		},
		{
			"from": [8.3335, 16.56387, 7.98333],
			"to": [8.41687, 16.98074, 8.01667],
			"rotation": {"angle": 0, "axis": "z", "origin": [8, 14.06263, 8]},
			"faces": {
				"north": {"uv": [0, 0, 0.1, 2], "texture": "#2"},
				"east": {"uv": [0, 0, 0.04, 2], "texture": "#2"},
				"south": {"uv": [0, 0, 1, 2], "texture": "#2"},
				"west": {"uv": [0, 0, 0.04, 2], "texture": "#2"},
				"up": {"uv": [0, 0, 0.1, 0.04], "texture": "#2"},
				"down": {"uv": [0, 0, 0.1, 0.04], "texture": "#2"}
			}
		},
		{
			"from": [7.67971, 16.97314, 7.95996],
			"to": [8.32029, 17.37351, 8.04004],
			"rotation": {"angle": 0, "axis": "z", "origin": [8, 14.57095, 8]},
			"faces": {
				"north": {"uv": [7, 1, 11, 11], "texture": "#2"},
				"east": {"uv": [7, 1, 11, 11], "texture": "#2"},
				"south": {"uv": [7, 1, 11, 11], "texture": "#2"},
				"west": {"uv": [7, 1, 11, 11], "texture": "#2"},
				"up": {"uv": [7, 1, 11, 11], "texture": "#2"},
				"down": {"uv": [7, 1, 11, 11], "texture": "#2"}
			}
		},
		{
			"from": [7.59963, 16.97314, 7.98399],
			"to": [7.67971, 17.37351, 8.01601],
			"rotation": {"angle": 0, "axis": "z", "origin": [8, 14.57095, 8]},
			"faces": {
				"north": {"uv": [0, 0, 0.1, 2], "texture": "#2"},
				"east": {"uv": [0, 0, 0.04, 2], "texture": "#2"},
				"south": {"uv": [0, 0, 1, 2], "texture": "#2"},
				"west": {"uv": [0, 0, 0.04, 2], "texture": "#2"},
				"up": {"uv": [0, 0, 0.1, 0.04], "texture": "#2"},
				"down": {"uv": [0, 0, 0.1, 0.04], "texture": "#2"}
			}
		},
		{
			"from": [8.32029, 16.97314, 7.98399],
			"to": [8.40037, 17.37351, 8.01601],
			"rotation": {"angle": 0, "axis": "z", "origin": [8, 14.57095, 8]},
			"faces": {
				"north": {"uv": [0, 0, 0.1, 2], "texture": "#2"},
				"east": {"uv": [0, 0, 0.04, 2], "texture": "#2"},
				"south": {"uv": [0, 0, 1, 2], "texture": "#2"},
				"west": {"uv": [0, 0, 0.04, 2], "texture": "#2"},
				"up": {"uv": [0, 0, 0.1, 0.04], "texture": "#2"},
				"down": {"uv": [0, 0, 0.1, 0.04], "texture": "#2"}
			}
		},
		{
			"from": [7.68611, 17.37368, 7.96076],
			"to": [8.31389, 17.76604, 8.03924],
			"rotation": {"angle": 0, "axis": "z", "origin": [8, 15.01953, 8]},
			"faces": {
				"north": {"uv": [7, 1, 11, 11], "texture": "#2"},
				"east": {"uv": [7, 1, 11, 11], "texture": "#2"},
				"south": {"uv": [7, 1, 11, 11], "texture": "#2"},
				"west": {"uv": [7, 1, 11, 11], "texture": "#2"},
				"up": {"uv": [7, 1, 11, 11], "texture": "#2"},
				"down": {"uv": [7, 1, 11, 11], "texture": "#2"}
			}
		},
		{
			"from": [7.60764, 17.37368, 7.98431],
			"to": [7.68611, 17.76604, 8.01569],
			"rotation": {"angle": 0, "axis": "z", "origin": [8, 15.01953, 8]},
			"faces": {
				"north": {"uv": [0, 0, 0.1, 2], "texture": "#2"},
				"east": {"uv": [0, 0, 0.04, 2], "texture": "#2"},
				"south": {"uv": [0, 0, 1, 2], "texture": "#2"},
				"west": {"uv": [0, 0, 0.04, 2], "texture": "#2"},
				"up": {"uv": [0, 0, 0.1, 0.04], "texture": "#2"},
				"down": {"uv": [0, 0, 0.1, 0.04], "texture": "#2"}
			}
		},
		{
			"from": [8.31389, 17.37368, 7.98431],
			"to": [8.39236, 17.76604, 8.01569],
			"rotation": {"angle": 0, "axis": "z", "origin": [8, 15.01953, 8]},
			"faces": {
				"north": {"uv": [0, 0, 0.1, 2], "texture": "#2"},
				"east": {"uv": [0, 0, 0.04, 2], "texture": "#2"},
				"south": {"uv": [0, 0, 1, 2], "texture": "#2"},
				"west": {"uv": [0, 0, 0.04, 2], "texture": "#2"},
				"up": {"uv": [0, 0, 0.1, 0.04], "texture": "#2"},
				"down": {"uv": [0, 0, 0.1, 0.04], "texture": "#2"}
			}
		},
		{
			"from": [7.69239, 17.7662, 7.96155],
			"to": [8.30761, 18.15072, 8.03845],
			"rotation": {"angle": 0, "axis": "z", "origin": [8, 15.45914, 8]},
			"faces": {
				"north": {"uv": [7, 1, 11, 11], "texture": "#2"},
				"east": {"uv": [7, 1, 11, 11], "texture": "#2"},
				"south": {"uv": [7, 1, 11, 11], "texture": "#2"},
				"west": {"uv": [7, 1, 11, 11], "texture": "#2"},
				"up": {"uv": [7, 1, 11, 11], "texture": "#2"},
				"down": {"uv": [7, 1, 11, 11], "texture": "#2"}
			}
		},
		{
			"from": [7.61549, 17.7662, 7.98462],
			"to": [7.69239, 18.15072, 8.01538],
			"rotation": {"angle": 0, "axis": "z", "origin": [8, 15.45914, 8]},
			"faces": {
				"north": {"uv": [0, 0, 0.1, 2], "texture": "#2"},
				"east": {"uv": [0, 0, 0.04, 2], "texture": "#2"},
				"south": {"uv": [0, 0, 1, 2], "texture": "#2"},
				"west": {"uv": [0, 0, 0.04, 2], "texture": "#2"},
				"up": {"uv": [0, 0, 0.1, 0.04], "texture": "#2"},
				"down": {"uv": [0, 0, 0.1, 0.04], "texture": "#2"}
			}
		},
		{
			"from": [8.30761, 17.7662, 7.98462],
			"to": [8.38451, 18.15072, 8.01538],
			"rotation": {"angle": 0, "axis": "z", "origin": [8, 15.45914, 8]},
			"faces": {
				"north": {"uv": [0, 0, 0.1, 2], "texture": "#2"},
				"east": {"uv": [0, 0, 0.04, 2], "texture": "#2"},
				"south": {"uv": [0, 0, 1, 2], "texture": "#2"},
				"west": {"uv": [0, 0, 0.04, 2], "texture": "#2"},
				"up": {"uv": [0, 0, 0.1, 0.04], "texture": "#2"},
				"down": {"uv": [0, 0, 0.1, 0.04], "texture": "#2"}
			}
		},
		{
			"from": [7.69239, 18.1412, 7.96155],
			"to": [8.30761, 18.52572, 8.03845],
			"rotation": {"angle": 0, "axis": "z", "origin": [8, 15.83414, 8]},
			"faces": {
				"north": {"uv": [7, 1, 11, 11], "texture": "#2"},
				"east": {"uv": [7, 1, 11, 11], "texture": "#2"},
				"south": {"uv": [7, 1, 11, 11], "texture": "#2"},
				"west": {"uv": [7, 1, 11, 11], "texture": "#2"},
				"up": {"uv": [7, 1, 11, 11], "texture": "#2"},
				"down": {"uv": [7, 1, 11, 11], "texture": "#2"}
			}
		},
		{
			"from": [7.61549, 18.1412, 7.98462],
			"to": [7.69239, 18.52572, 8.01538],
			"rotation": {"angle": 0, "axis": "z", "origin": [8, 15.83414, 8]},
			"faces": {
				"north": {"uv": [0, 0, 0.1, 2], "texture": "#2"},
				"east": {"uv": [0, 0, 0.04, 2], "texture": "#2"},
				"south": {"uv": [0, 0, 1, 2], "texture": "#2"},
				"west": {"uv": [0, 0, 0.04, 2], "texture": "#2"},
				"up": {"uv": [0, 0, 0.1, 0.04], "texture": "#2"},
				"down": {"uv": [0, 0, 0.1, 0.04], "texture": "#2"}
			}
		},
		{
			"from": [8.30761, 18.1412, 7.98462],
			"to": [8.38451, 18.52572, 8.01538],
			"rotation": {"angle": 0, "axis": "z", "origin": [8, 15.83414, 8]},
			"faces": {
				"north": {"uv": [0, 0, 0.1, 2], "texture": "#2"},
				"east": {"uv": [0, 0, 0.04, 2], "texture": "#2"},
				"south": {"uv": [0, 0, 1, 2], "texture": "#2"},
				"west": {"uv": [0, 0, 0.04, 2], "texture": "#2"},
				"up": {"uv": [0, 0, 0.1, 0.04], "texture": "#2"},
				"down": {"uv": [0, 0, 0.1, 0.04], "texture": "#2"}
			}
		},
		{
			"from": [7.69239, 18.5162, 7.96155],
			"to": [8.30761, 18.90072, 8.03845],
			"rotation": {"angle": 0, "axis": "z", "origin": [8, 16.20914, 8]},
			"faces": {
				"north": {"uv": [7, 1, 11, 11], "texture": "#2"},
				"east": {"uv": [7, 1, 11, 11], "texture": "#2"},
				"south": {"uv": [7, 1, 11, 11], "texture": "#2"},
				"west": {"uv": [7, 1, 11, 11], "texture": "#2"},
				"up": {"uv": [7, 1, 11, 11], "texture": "#2"},
				"down": {"uv": [7, 1, 11, 11], "texture": "#2"}
			}
		},
		{
			"from": [7.61549, 18.5162, 7.98462],
			"to": [7.69239, 18.90072, 8.01538],
			"rotation": {"angle": 0, "axis": "z", "origin": [8, 16.20914, 8]},
			"faces": {
				"north": {"uv": [0, 0, 0.1, 2], "texture": "#2"},
				"east": {"uv": [0, 0, 0.04, 2], "texture": "#2"},
				"south": {"uv": [0, 0, 1, 2], "texture": "#2"},
				"west": {"uv": [0, 0, 0.04, 2], "texture": "#2"},
				"up": {"uv": [0, 0, 0.1, 0.04], "texture": "#2"},
				"down": {"uv": [0, 0, 0.1, 0.04], "texture": "#2"}
			}
		},
		{
			"from": [8.30761, 18.5162, 7.98462],
			"to": [8.38451, 18.90072, 8.01538],
			"rotation": {"angle": 0, "axis": "z", "origin": [8, 16.20914, 8]},
			"faces": {
				"north": {"uv": [0, 0, 0.1, 2], "texture": "#2"},
				"east": {"uv": [0, 0, 0.04, 2], "texture": "#2"},
				"south": {"uv": [0, 0, 1, 2], "texture": "#2"},
				"west": {"uv": [0, 0, 0.04, 2], "texture": "#2"},
				"up": {"uv": [0, 0, 0.1, 0.04], "texture": "#2"},
				"down": {"uv": [0, 0, 0.1, 0.04], "texture": "#2"}
			}
		},
		{
			"from": [7.69239, 18.8912, 7.96155],
			"to": [8.30761, 19.27572, 8.03845],
			"rotation": {"angle": 0, "axis": "z", "origin": [8, 16.58414, 8]},
			"faces": {
				"north": {"uv": [7, 1, 11, 11], "texture": "#2"},
				"east": {"uv": [7, 1, 11, 11], "texture": "#2"},
				"south": {"uv": [7, 1, 11, 11], "texture": "#2"},
				"west": {"uv": [7, 1, 11, 11], "texture": "#2"},
				"up": {"uv": [7, 1, 11, 11], "texture": "#2"},
				"down": {"uv": [7, 1, 11, 11], "texture": "#2"}
			}
		},
		{
			"from": [7.61549, 18.8912, 7.98462],
			"to": [7.69239, 19.27572, 8.01538],
			"rotation": {"angle": 0, "axis": "z", "origin": [8, 16.58414, 8]},
			"faces": {
				"north": {"uv": [0, 0, 0.1, 2], "texture": "#2"},
				"east": {"uv": [0, 0, 0.04, 2], "texture": "#2"},
				"south": {"uv": [0, 0, 1, 2], "texture": "#2"},
				"west": {"uv": [0, 0, 0.04, 2], "texture": "#2"},
				"up": {"uv": [0, 0, 0.1, 0.04], "texture": "#2"},
				"down": {"uv": [0, 0, 0.1, 0.04], "texture": "#2"}
			}
		},
		{
			"from": [8.30761, 18.8912, 7.98462],
			"to": [8.38451, 19.27572, 8.01538],
			"rotation": {"angle": 0, "axis": "z", "origin": [8, 16.58414, 8]},
			"faces": {
				"north": {"uv": [0, 0, 0.1, 2], "texture": "#2"},
				"east": {"uv": [0, 0, 0.04, 2], "texture": "#2"},
				"south": {"uv": [0, 0, 1, 2], "texture": "#2"},
				"west": {"uv": [0, 0, 0.04, 2], "texture": "#2"},
				"up": {"uv": [0, 0, 0.1, 0.04], "texture": "#2"},
				"down": {"uv": [0, 0, 0.1, 0.04], "texture": "#2"}
			}
		},
		{
			"from": [7.69239, 19.2662, 7.9846],
			"to": [8.30761, 19.3162, 8.0154],
			"rotation": {"angle": 0, "axis": "z", "origin": [8, 19.2662, 8]},
			"faces": {
				"north": {"uv": [7, 1, 11, 11], "texture": "#2"},
				"east": {"uv": [7, 1, 11, 11], "texture": "#2"},
				"south": {"uv": [7, 1, 11, 11], "texture": "#2"},
				"west": {"uv": [7, 1, 11, 11], "texture": "#2"},
				"up": {"uv": [7, 1, 11, 11], "texture": "#2"},
				"down": {"uv": [7, 1, 11, 11], "texture": "#2"}
			}
		},
		{
			"from": [7.71739, 19.3162, 7.9846],
			"to": [8.28261, 19.3662, 8.0154],
			"rotation": {"angle": 0, "axis": "z", "origin": [8, 19.2662, 8]},
			"faces": {
				"north": {"uv": [7, 1, 11, 11], "texture": "#2"},
				"east": {"uv": [7, 1, 11, 11], "texture": "#2"},
				"south": {"uv": [7, 1, 11, 11], "texture": "#2"},
				"west": {"uv": [7, 1, 11, 11], "texture": "#2"},
				"up": {"uv": [7, 1, 11, 11], "texture": "#2"},
				"down": {"uv": [7, 1, 11, 11], "texture": "#2"}
			}
		},
		{
			"from": [7.76739, 19.3662, 7.9846],
			"to": [8.23261, 19.4162, 8.0154],
			"rotation": {"angle": 0, "axis": "z", "origin": [8, 19.2662, 8]},
			"faces": {
				"north": {"uv": [7, 1, 11, 11], "texture": "#2"},
				"east": {"uv": [7, 1, 11, 11], "texture": "#2"},
				"south": {"uv": [7, 1, 11, 11], "texture": "#2"},
				"west": {"uv": [7, 1, 11, 11], "texture": "#2"},
				"up": {"uv": [7, 1, 11, 11], "texture": "#2"},
				"down": {"uv": [7, 1, 11, 11], "texture": "#2"}
			}
		},
		{
			"from": [7.81739, 19.4162, 7.9846],
			"to": [8.18261, 19.4662, 8.0154],
			"rotation": {"angle": 0, "axis": "z", "origin": [8, 19.2662, 8]},
			"faces": {
				"north": {"uv": [7, 1, 11, 11], "texture": "#2"},
				"east": {"uv": [7, 1, 11, 11], "texture": "#2"},
				"south": {"uv": [7, 1, 11, 11], "texture": "#2"},
				"west": {"uv": [7, 1, 11, 11], "texture": "#2"},
				"up": {"uv": [7, 1, 11, 11], "texture": "#2"},
				"down": {"uv": [7, 1, 11, 11], "texture": "#2"}
			}
		},
		{
			"from": [7.86739, 19.4662, 7.9846],
			"to": [8.13261, 19.5162, 8.0154],
			"rotation": {"angle": 0, "axis": "z", "origin": [8, 19.2662, 8]},
			"faces": {
				"north": {"uv": [7, 1, 11, 11], "texture": "#2"},
				"east": {"uv": [7, 1, 11, 11], "texture": "#2"},
				"south": {"uv": [7, 1, 11, 11], "texture": "#2"},
				"west": {"uv": [7, 1, 11, 11], "texture": "#2"},
				"up": {"uv": [7, 1, 11, 11], "texture": "#2"},
				"down": {"uv": [7, 1, 11, 11], "texture": "#2"}
			}
		},
		{
			"from": [7.61549, 19.2662, 7.98462],
			"to": [7.69239, 19.37572, 8.01538],
			"rotation": {"angle": -22.5, "axis": "z", "origin": [7.6155, 19.2662, 8]},
			"faces": {
				"north": {"uv": [0, 0, 0.1, 2], "texture": "#2"},
				"east": {"uv": [0, 0, 0.04, 2], "texture": "#2"},
				"south": {"uv": [0, 0, 1, 2], "texture": "#2"},
				"west": {"uv": [0, 0, 0.04, 2], "texture": "#2"},
				"up": {"uv": [0, 0, 0.1, 0.04], "texture": "#2"},
				"down": {"uv": [0, 0, 0.1, 0.04], "texture": "#2"}
			}
		},
		{
			"from": [7.6574, 19.36736, 7.98462],
			"to": [7.7343, 19.47688, 8.01538],
			"rotation": {"angle": -45, "axis": "z", "origin": [7.6574, 19.36736, 8]},
			"faces": {
				"north": {"uv": [0, 0, 0.1, 2], "texture": "#2"},
				"east": {"uv": [0, 0, 0.04, 2], "texture": "#2"},
				"south": {"uv": [0, 0, 1, 2], "texture": "#2"},
				"west": {"uv": [0, 0, 0.04, 2], "texture": "#2"},
				"up": {"uv": [0, 0, 0.1, 0.04], "texture": "#2"},
				"down": {"uv": [0, 0, 0.1, 0.04], "texture": "#2"}
			}
		},
		{
			"from": [7.6574, 19.46736, 7.98462],
			"to": [7.7343, 19.57688, 8.01538],
			"rotation": {"angle": -45, "axis": "z", "origin": [7.6574, 19.36736, 8]},
			"faces": {
				"north": {"uv": [0, 0, 0.1, 2], "texture": "#2"},
				"east": {"uv": [0, 0, 0.04, 2], "texture": "#2"},
				"south": {"uv": [0, 0, 1, 2], "texture": "#2"},
				"west": {"uv": [0, 0, 0.04, 2], "texture": "#2"},
				"up": {"uv": [0, 0, 0.1, 0.04], "texture": "#2"},
				"down": {"uv": [0, 0, 0.1, 0.04], "texture": "#2"}
			}
		},
		{
			"from": [7.8055, 19.43868, 7.98462],
			"to": [7.91501, 19.51558, 8.01538],
			"rotation": {"angle": 22.5, "axis": "z", "origin": [7.80554, 19.51554, 8]},
			"faces": {
				"north": {"uv": [0, 0, 0.1, 2], "rotation": 270, "texture": "#2"},
				"east": {"uv": [0, 0, 0.1, 0.04], "rotation": 90, "texture": "#2"},
				"south": {"uv": [0, 0, 1, 2], "rotation": 90, "texture": "#2"},
				"west": {"uv": [0, 0, 0.1, 0.04], "rotation": 90, "texture": "#2"},
				"up": {"uv": [0, 0, 0.04, 2], "rotation": 90, "texture": "#2"},
				"down": {"uv": [0, 0, 0.04, 2], "rotation": 90, "texture": "#2"}
			}
		},
		{
			"from": [7.9055, 19.43868, 7.98462],
			"to": [8.01501, 19.51558, 8.01538],
			"rotation": {"angle": 22.5, "axis": "z", "origin": [7.80554, 19.51554, 8]},
			"faces": {
				"north": {"uv": [0, 0, 0.1, 2], "rotation": 270, "texture": "#2"},
				"east": {"uv": [0, 0, 0.1, 0.04], "rotation": 90, "texture": "#2"},
				"south": {"uv": [0, 0, 1, 2], "rotation": 90, "texture": "#2"},
				"west": {"uv": [0, 0, 0.1, 0.04], "rotation": 90, "texture": "#2"},
				"up": {"uv": [0, 0, 0.04, 2], "rotation": 90, "texture": "#2"},
				"down": {"uv": [0, 0, 0.04, 2], "rotation": 90, "texture": "#2"}
			}
		},
		{
			"from": [8.30761, 19.2662, 7.98462],
			"to": [8.38451, 19.37572, 8.01538],
			"rotation": {"angle": 22.5, "axis": "z", "origin": [8.3835, 19.2662, 8]},
			"faces": {
				"north": {"uv": [0, 0, 0.1, 2], "texture": "#2"},
				"east": {"uv": [0, 0, 0.04, 2], "texture": "#2"},
				"south": {"uv": [0, 0, 1, 2], "texture": "#2"},
				"west": {"uv": [0, 0, 0.04, 2], "texture": "#2"},
				"up": {"uv": [0, 0, 0.1, 0.04], "texture": "#2"},
				"down": {"uv": [0, 0, 0.1, 0.04], "texture": "#2"}
			}
		},
		{
			"from": [8.2657, 19.3674, 7.98462],
			"to": [8.3426, 19.47691, 8.01538],
			"rotation": {"angle": 45, "axis": "z", "origin": [8.3426, 19.3674, 8]},
			"faces": {
				"north": {"uv": [0, 0, 0.1, 2], "texture": "#2"},
				"east": {"uv": [0, 0, 0.04, 2], "texture": "#2"},
				"south": {"uv": [0, 0, 1, 2], "texture": "#2"},
				"west": {"uv": [0, 0, 0.04, 2], "texture": "#2"},
				"up": {"uv": [0, 0, 0.1, 0.04], "texture": "#2"},
				"down": {"uv": [0, 0, 0.1, 0.04], "texture": "#2"}
			}
		},
		{
			"from": [8.2657, 19.4674, 7.98462],
			"to": [8.3426, 19.57691, 8.01538],
			"rotation": {"angle": 45, "axis": "z", "origin": [8.3426, 19.3674, 8]},
			"faces": {
				"north": {"uv": [0, 0, 0.1, 2], "texture": "#2"},
				"east": {"uv": [0, 0, 0.04, 2], "texture": "#2"},
				"south": {"uv": [0, 0, 1, 2], "texture": "#2"},
				"west": {"uv": [0, 0, 0.04, 2], "texture": "#2"},
				"up": {"uv": [0, 0, 0.1, 0.04], "texture": "#2"},
				"down": {"uv": [0, 0, 0.1, 0.04], "texture": "#2"}
			}
		},
		{
			"from": [8.08495, 19.43964, 7.98462],
			"to": [8.19446, 19.51654, 8.01538],
			"rotation": {"angle": -22.5, "axis": "z", "origin": [8.19446, 19.5155, 8]},
			"faces": {
				"north": {"uv": [0, 0, 0.1, 2], "rotation": 90, "texture": "#2"},
				"east": {"uv": [0, 0, 0.1, 0.04], "rotation": 270, "texture": "#2"},
				"south": {"uv": [0, 0, 1, 2], "rotation": 270, "texture": "#2"},
				"west": {"uv": [0, 0, 0.1, 0.04], "rotation": 270, "texture": "#2"},
				"up": {"uv": [0, 0, 0.04, 2], "rotation": 270, "texture": "#2"},
				"down": {"uv": [0, 0, 0.04, 2], "rotation": 270, "texture": "#2"}
			}
		},
		{
			"from": [7.98495, 19.43964, 7.98462],
			"to": [8.09446, 19.51654, 8.01538],
			"rotation": {"angle": -22.5, "axis": "z", "origin": [8.19446, 19.5155, 8]},
			"faces": {
				"north": {"uv": [0, 0, 0.1, 2], "rotation": 90, "texture": "#2"},
				"east": {"uv": [0, 0, 0.1, 0.04], "rotation": 270, "texture": "#2"},
				"south": {"uv": [0, 0, 1, 2], "rotation": 270, "texture": "#2"},
				"west": {"uv": [0, 0, 0.1, 0.04], "rotation": 270, "texture": "#2"},
				"up": {"uv": [0, 0, 0.04, 2], "rotation": 270, "texture": "#2"},
				"down": {"uv": [0, 0, 0.04, 2], "rotation": 270, "texture": "#2"}
			}
		}
	],
	"gui_light": "front",
	"display": {
		"thirdperson_righthand": {
			"rotation": [0, 90, 0],
			"translation": [0, 7, 1],
			"scale": [1.3, 1.3, 1.3]
		},
		"thirdperson_lefthand": {
			"rotation": [0, 90, 0],
			"translation": [0, 7, 1],
			"scale": [1.3, 1.3, 1.3]
		},
		"firstperson_righthand": {
			"rotation": [10, 90, 0],
			"translation": [0, 5, 1],
			"scale": [1.2, 1.2, 1.2]
		},
		"firstperson_lefthand": {
			"rotation": [10, 90, 0],
			"translation": [0, 5, 1],
			"scale": [1.2, 1.2, 1.2]
		},
		"ground": {
			"rotation": [-180, 90, 0],
			"translation": [0, 5, 0],
			"scale": [2, 2, 2]
		},
		"gui": {
			"rotation": [22.5, -45, -45],
			"translation": [-2, -1, 0],
			"scale": [1.4, 1.4, 1.4]
		},
		"head": {
			"rotation": [0, 90, 0],
			"translation": [0, 5, 1]
		},
		"fixed": {
			"rotation": [-180, 0, 0],
			"translation": [0, 5, -1],
			"scale": [1.5, 1.5, 1.5]
		}
	},
	"groups": [0,
		{
			"name": "group1",
			"origin": [8, 8, 8],
			"children": [1, 2, 3, 4, 5]
		},
		{
			"name": "group1",
			"origin": [8, 8, 8],
			"children": [6, 7, 8, 9, 10]
		},
		{
			"name": "group2",
			"origin": [8, 8, 8],
			"children": [11, 12, 13, 14, 15]
		},
		{
			"name": "group3",
			"origin": [8, 8, 8],
			"children": [
				{
					"name": "group",
					"origin": [8, 7, 8],
					"children": [16, 17, 18, 19, 20, 21, 22, 23, 24, 25, 26]
				},
				{
					"name": "edge",
					"origin": [8, 7, 8],
					"children": [27, 28, 29]
				},
				{
					"name": "edge",
					"origin": [8, 7, 8],
					"children": [30, 31, 32]
				},
				{
					"name": "edge",
					"origin": [8, 7, 8],
					"children": [33, 34, 35]
				},
				{
					"name": "edge",
					"origin": [8, 7, 8],
					"children": [36, 37, 38]
				},
				{
					"name": "edge",
					"origin": [8, 7, 8],
					"children": [39, 40, 41]
				},
				{
					"name": "edge",
					"origin": [8, 7, 8],
					"children": [42, 43, 44]
				},
				{
					"name": "edge",
					"origin": [8, 7, 8],
					"children": [45, 46, 47]
				},
				{
					"name": "edge",
					"origin": [8, 7, 8],
					"children": [48, 49, 50]
				},
				{
					"name": "edge",
					"origin": [8, 7, 8],
					"children": [51, 52, 53]
				},
				{
					"name": "edge",
					"origin": [8, 7, 8],
					"children": [54, 55, 56]
				},
				{
					"name": "edge",
					"origin": [8, 7, 8],
					"children": [57, 58, 59]
				},
				{
					"name": "edge",
					"origin": [8, 7, 8],
					"children": [60, 61, 62]
				},
				{
					"name": "edge",
					"origin": [8, 7, 8],
					"children": [63, 64, 65]
				},
				{
					"name": "edge",
					"origin": [8, 7, 8],
					"children": [66, 67, 68]
				},
				{
					"name": "edge",
					"origin": [8, 7, 8],
					"children": [69, 70, 71]
				},
				{
					"name": "edge",
					"origin": [8, 7, 8],
					"children": [72, 73, 74]
				},
				{
					"name": "edge",
					"origin": [8, 7, 8],
					"children": [75, 76, 77, 78, 79, 80, 81, 82, 83, 84, 85, 86, 87, 88, 89]
				}
			]
		}
	]
}