{
	"credit": "Made with Blockbench",
	"textures": {
		"1": "color/wood"
	},
	"elements": [
		{
			"from": [8.29035, 9.99753, 7.19405],
			"to": [8.71011, 10.10753, 8.25005],
			"rotation": {"angle": 0, "axis": "y", "origin": [8.49979, 13.51753, 8.25005]},
			"faces": {
				"north": {"uv": [15.5, 0, 16, 0.5], "texture": "#1"},
				"east": {"uv": [8.5, 0, 16, 0.5], "texture": "#1"},
				"south": {"uv": [8.5, 0, 9, 0.5], "texture": "#1"},
				"west": {"uv": [8.5, 0, 16, 0.5], "rotation": 180, "texture": "#1"},
				"up": {"uv": [8.5, 0, 16, 0.5], "rotation": 270, "texture": "#1"},
				"down": {"uv": [8.5, 0, 16, 0.5], "rotation": 90, "texture": "#1"}
			}
		},
		{
			"from": [8.29035, 9.99753, 7.19405],
			"to": [8.71011, 10.10753, 8.25005],
			"rotation": {"angle": 22.5, "axis": "y", "origin": [8.49979, 13.51753, 8.25005]},
			"faces": {
				"north": {"uv": [15.5, 0, 16, 0.5], "texture": "#1"},
				"east": {"uv": [8.5, 0, 16, 0.5], "texture": "#1"},
				"south": {"uv": [8.5, 0, 9, 0.5], "texture": "#1"},
				"west": {"uv": [8.5, 0, 16, 0.5], "rotation": 180, "texture": "#1"},
				"up": {"uv": [8.5, 0, 16, 0.5], "rotation": 270, "texture": "#1"},
				"down": {"uv": [8.5, 0, 16, 0.5], "rotation": 90, "texture": "#1"}
			}
		},
		{
			"from": [8.29035, 9.99753, 7.19405],
			"to": [8.71011, 10.10753, 8.25005],
			"rotation": {"angle": 45, "axis": "y", "origin": [8.49979, 13.51753, 8.25005]},
			"faces": {
				"north": {"uv": [15.5, 0, 16, 0.5], "texture": "#1"},
				"east": {"uv": [8.5, 0, 16, 0.5], "texture": "#1"},
				"south": {"uv": [8.5, 0, 9, 0.5], "texture": "#1"},
				"west": {"uv": [8.5, 0, 16, 0.5], "rotation": 180, "texture": "#1"},
				"up": {"uv": [8.5, 0, 16, 0.5], "rotation": 270, "texture": "#1"},
				"down": {"uv": [8.5, 0, 16, 0.5], "rotation": 90, "texture": "#1"}
			}
		},
		{
			"from": [7.44379, 9.99753, 8.03973],
			"to": [8.49979, 10.10753, 8.45949],
			"rotation": {"angle": -22.5, "axis": "y", "origin": [8.49979, 13.51753, 8.25005]},
			"faces": {
				"north": {"uv": [8.5, 0, 16, 0.5], "texture": "#1"},
				"east": {"uv": [8.5, 0, 9, 0.5], "texture": "#1"},
				"south": {"uv": [8.5, 0, 16, 0.5], "rotation": 180, "texture": "#1"},
				"west": {"uv": [15.5, 0, 16, 0.5], "texture": "#1"},
				"up": {"uv": [8.5, 0, 16, 0.5], "rotation": 180, "texture": "#1"},
				"down": {"uv": [8.5, 0, 16, 0.5], "rotation": 180, "texture": "#1"}
			}
		},
		{
			"from": [7.44379, 9.99753, 8.03973],
			"to": [8.49979, 10.10753, 8.45949],
			"rotation": {"angle": 0, "axis": "y", "origin": [8.49979, 13.51753, 8.25005]},
			"faces": {
				"north": {"uv": [8.5, 0, 16, 0.5], "texture": "#1"},
				"east": {"uv": [8.5, 0, 9, 0.5], "texture": "#1"},
				"south": {"uv": [8.5, 0, 16, 0.5], "rotation": 180, "texture": "#1"},
				"west": {"uv": [15.5, 0, 16, 0.5], "texture": "#1"},
				"up": {"uv": [8.5, 0, 16, 0.5], "rotation": 180, "texture": "#1"},
				"down": {"uv": [8.5, 0, 16, 0.5], "rotation": 180, "texture": "#1"}
			}
		},
		{
			"from": [7.44379, 9.99753, 8.03973],
			"to": [8.49979, 10.10753, 8.45949],
			"rotation": {"angle": 22.5, "axis": "y", "origin": [8.49979, 13.51753, 8.25005]},
			"faces": {
				"north": {"uv": [8.5, 0, 16, 0.5], "texture": "#1"},
				"east": {"uv": [8.5, 0, 9, 0.5], "texture": "#1"},
				"south": {"uv": [8.5, 0, 16, 0.5], "rotation": 180, "texture": "#1"},
				"west": {"uv": [15.5, 0, 16, 0.5], "texture": "#1"},
				"up": {"uv": [8.5, 0, 16, 0.5], "rotation": 180, "texture": "#1"},
				"down": {"uv": [8.5, 0, 16, 0.5], "rotation": 180, "texture": "#1"}
			}
		},
		{
			"from": [7.44379, 9.99753, 8.03973],
			"to": [8.49979, 10.10753, 8.45949],
			"rotation": {"angle": 45, "axis": "y", "origin": [8.49979, 13.51753, 8.25005]},
			"faces": {
				"north": {"uv": [8.5, 0, 16, 0.5], "texture": "#1"},
				"east": {"uv": [8.5, 0, 9, 0.5], "texture": "#1"},
				"south": {"uv": [8.5, 0, 16, 0.5], "rotation": 180, "texture": "#1"},
				"west": {"uv": [15.5, 0, 16, 0.5], "texture": "#1"},
				"up": {"uv": [8.5, 0, 16, 0.5], "rotation": 180, "texture": "#1"},
				"down": {"uv": [8.5, 0, 16, 0.5], "rotation": 180, "texture": "#1"}
			}
		},
		{
			"from": [8.28947, 9.99753, 8.25005],
			"to": [8.70923, 10.10753, 9.30605],
			"rotation": {"angle": -22.5, "axis": "y", "origin": [8.49979, 13.51753, 8.25005]},
			"faces": {
				"north": {"uv": [8.5, 0, 9, 0.5], "texture": "#1"},
				"east": {"uv": [8.5, 0, 16, 0.5], "rotation": 180, "texture": "#1"},
				"south": {"uv": [15.5, 0, 16, 0.5], "texture": "#1"},
				"west": {"uv": [8.5, 0, 16, 0.5], "texture": "#1"},
				"up": {"uv": [8.5, 0, 16, 0.5], "rotation": 90, "texture": "#1"},
				"down": {"uv": [8.5, 0, 16, 0.5], "rotation": 270, "texture": "#1"}
			}
		},
		{
			"from": [8.28947, 9.99753, 8.25005],
			"to": [8.70923, 10.10753, 9.30605],
			"rotation": {"angle": 0, "axis": "y", "origin": [8.49979, 13.51753, 8.25005]},
			"faces": {
				"north": {"uv": [8.5, 0, 9, 0.5], "texture": "#1"},
				"east": {"uv": [8.5, 0, 16, 0.5], "rotation": 180, "texture": "#1"},
				"south": {"uv": [15.5, 0, 16, 0.5], "texture": "#1"},
				"west": {"uv": [8.5, 0, 16, 0.5], "texture": "#1"},
				"up": {"uv": [8.5, 0, 16, 0.5], "rotation": 90, "texture": "#1"},
				"down": {"uv": [8.5, 0, 16, 0.5], "rotation": 270, "texture": "#1"}
			}
		},
		{
			"from": [8.28947, 9.99753, 8.25005],
			"to": [8.70923, 10.10753, 9.30605],
			"rotation": {"angle": 22.5, "axis": "y", "origin": [8.49979, 13.51753, 8.25005]},
			"faces": {
				"north": {"uv": [8.5, 0, 9, 0.5], "texture": "#1"},
				"east": {"uv": [8.5, 0, 16, 0.5], "rotation": 180, "texture": "#1"},
				"south": {"uv": [15.5, 0, 16, 0.5], "texture": "#1"},
				"west": {"uv": [8.5, 0, 16, 0.5], "texture": "#1"},
				"up": {"uv": [8.5, 0, 16, 0.5], "rotation": 90, "texture": "#1"},
				"down": {"uv": [8.5, 0, 16, 0.5], "rotation": 270, "texture": "#1"}
			}
		},
		{
			"from": [8.28947, 9.99753, 8.25005],
			"to": [8.70923, 10.10753, 9.30605],
			"rotation": {"angle": 45, "axis": "y", "origin": [8.49979, 13.51753, 8.25005]},
			"faces": {
				"north": {"uv": [8.5, 0, 9, 0.5], "texture": "#1"},
				"east": {"uv": [8.5, 0, 16, 0.5], "rotation": 180, "texture": "#1"},
				"south": {"uv": [15.5, 0, 16, 0.5], "texture": "#1"},
				"west": {"uv": [8.5, 0, 16, 0.5], "texture": "#1"},
				"up": {"uv": [8.5, 0, 16, 0.5], "rotation": 90, "texture": "#1"},
				"down": {"uv": [8.5, 0, 16, 0.5], "rotation": 270, "texture": "#1"}
			}
		},
		{
			"from": [8.49979, 9.99753, 8.04061],
			"to": [9.55579, 10.10753, 8.46037],
			"rotation": {"angle": -22.5, "axis": "y", "origin": [8.49979, 13.51753, 8.25005]},
			"faces": {
				"north": {"uv": [8.5, 0, 16, 0.5], "rotation": 180, "texture": "#1"},
				"east": {"uv": [15.5, 0, 16, 0.5], "texture": "#1"},
				"south": {"uv": [8.5, 0, 16, 0.5], "texture": "#1"},
				"west": {"uv": [8.5, 0, 9, 0.5], "texture": "#1"},
				"up": {"uv": [8.5, 0, 16, 0.5], "texture": "#1"},
				"down": {"uv": [8.5, 0, 16, 0.5], "texture": "#1"}
			}
		},
		{
			"from": [8.49979, 9.99753, 8.04061],
			"to": [9.55579, 10.10753, 8.46037],
			"rotation": {"angle": 0, "axis": "y", "origin": [8.49979, 13.51753, 8.25005]},
			"faces": {
				"north": {"uv": [8.5, 0, 16, 0.5], "rotation": 180, "texture": "#1"},
				"east": {"uv": [15.5, 0, 16, 0.5], "texture": "#1"},
				"south": {"uv": [8.5, 0, 16, 0.5], "texture": "#1"},
				"west": {"uv": [8.5, 0, 9, 0.5], "texture": "#1"},
				"up": {"uv": [8.5, 0, 16, 0.5], "texture": "#1"},
				"down": {"uv": [8.5, 0, 16, 0.5], "texture": "#1"}
			}
		},
		{
			"from": [8.49979, 9.99753, 8.04061],
			"to": [9.55579, 10.10753, 8.46037],
			"rotation": {"angle": 22.5, "axis": "y", "origin": [8.49979, 13.51753, 8.25005]},
			"faces": {
				"north": {"uv": [8.5, 0, 16, 0.5], "rotation": 180, "texture": "#1"},
				"east": {"uv": [15.5, 0, 16, 0.5], "texture": "#1"},
				"south": {"uv": [8.5, 0, 16, 0.5], "texture": "#1"},
				"west": {"uv": [8.5, 0, 9, 0.5], "texture": "#1"},
				"up": {"uv": [8.5, 0, 16, 0.5], "texture": "#1"},
				"down": {"uv": [8.5, 0, 16, 0.5], "texture": "#1"}
			}
		},
		{
			"from": [8.49979, 9.99753, 8.04061],
			"to": [9.55579, 10.10753, 8.46037],
			"rotation": {"angle": 45, "axis": "y", "origin": [8.49979, 13.51753, 8.25005]},
			"faces": {
				"north": {"uv": [8.5, 0, 16, 0.5], "rotation": 180, "texture": "#1"},
				"east": {"uv": [15.5, 0, 16, 0.5], "texture": "#1"},
				"south": {"uv": [8.5, 0, 16, 0.5], "texture": "#1"},
				"west": {"uv": [8.5, 0, 9, 0.5], "texture": "#1"},
				"up": {"uv": [8.5, 0, 16, 0.5], "texture": "#1"},
				"down": {"uv": [8.5, 0, 16, 0.5], "texture": "#1"}
			}
		},
		{
			"from": [8.29035, 9.99753, 7.19405],
			"to": [8.71011, 10.10753, 8.25005],
			"rotation": {"angle": -22.5, "axis": "y", "origin": [8.49979, 13.51753, 8.25005]},
			"faces": {
				"north": {"uv": [15.5, 0, 16, 0.5], "texture": "#1"},
				"east": {"uv": [8.5, 0, 16, 0.5], "texture": "#1"},
				"south": {"uv": [8.5, 0, 9, 0.5], "texture": "#1"},
				"west": {"uv": [8.5, 0, 16, 0.5], "rotation": 180, "texture": "#1"},
				"up": {"uv": [8.5, 0, 16, 0.5], "rotation": 270, "texture": "#1"},
				"down": {"uv": [8.5, 0, 16, 0.5], "rotation": 90, "texture": "#1"}
			}
		},
		{
			"from": [8.04629, 10.07253, 7.79655],
			"to": [8.95329, 10.47253, 8.70355],
			"rotation": {"angle": 45, "axis": "y", "origin": [8.49979, 10.57253, 8.25005]},
			"faces": {
				"north": {"uv": [8, 0, 11, 0.5], "rotation": 270, "texture": "#1"},
				"east": {"uv": [8, 0, 11, 0.5], "rotation": 270, "texture": "#1"},
				"south": {"uv": [8, 0, 11, 0.5], "rotation": 270, "texture": "#1"},
				"west": {"uv": [8, 0, 11, 0.5], "rotation": 270, "texture": "#1"},
				"up": {"uv": [11, 0, 11, 0.75], "rotation": 270, "texture": "#1"},
				"down": {"uv": [8, 0, 8, 0.5], "rotation": 270, "texture": "#1"}
			}
		},
		{
			"from": [8.14979, 6.57253, 8.15005],
			"to": [8.84979, 10.07253, 8.34805],
			"rotation": {"angle": 0, "axis": "y", "origin": [7.99979, 14.07253, 9.15005]},
			"faces": {
				"north": {"uv": [12, 0, 12.25, 16], "texture": "#1"},
				"east": {"uv": [12, 0, 12.25, 16], "texture": "#1"},
				"south": {"uv": [12, 0, 12.25, 16], "texture": "#1"},
				"west": {"uv": [12, 0, 12.25, 16], "texture": "#1"},
				"up": {"uv": [12, 0, 12.25, 16], "texture": "#1"},
				"down": {"uv": [12, 0, 12.25, 16], "texture": "#1"}
			}
		},
		{
			"from": [7.99979, 10.47253, 8.20005],
			"to": [8.49979, 18.47253, 8.30005],
			"rotation": {"angle": 0, "axis": "z", "origin": [8.49979, 10.47253, 8.25005]},
			"faces": {
				"north": {"uv": [8.5, 0, 16, 0.5], "rotation": 180, "texture": "#1", "cullface": "north"},
				"east": {"uv": [15.5, 0, 16, 0.5], "texture": "#1"},
				"south": {"uv": [8.5, 0, 16, 0.5], "texture": "#1"},
				"west": {"uv": [8.5, 0, 8.5, 0.5], "texture": "#1"},
				"up": {"uv": [8.5, 0, 16, 0.5], "texture": "#1"},
				"down": {"uv": [8.5, 0, 16, 0.5], "texture": "#1"}
			}
		},
		{
			"from": [8.49979, 10.47253, 8.20005],
			"to": [8.99979, 18.47253, 8.30005],
			"rotation": {"angle": 0, "axis": "z", "origin": [7.49979, 10.47253, 8.25005]},
			"faces": {
				"north": {"uv": [16, 0, 8.5, 0.5], "rotation": 180, "texture": "#1"},
				"east": {"uv": [8.5, 0, 8.5, 0.5], "texture": "#1"},
				"south": {"uv": [16, 0, 8.5, 0.5], "texture": "#1"},
				"west": {"uv": [16, 0, 15.5, 0.5], "texture": "#1"},
				"up": {"uv": [16, 0, 8.5, 0.5], "texture": "#1"},
				"down": {"uv": [16, 0, 8.5, 0.5], "texture": "#1"}
			}
		},
		{
			"from": [8.09979, 18.47253, 8.20005],
			"to": [8.49979, 18.71253, 8.30005],
			"rotation": {"angle": 0, "axis": "z", "origin": [8.49979, 10.47253, 8.25005]},
			"faces": {
				"north": {"uv": [8.5, 0, 15, 0.5], "rotation": 180, "texture": "#1"},
				"east": {"uv": [15.5, 0, 16, 0.5], "texture": "#1"},
				"south": {"uv": [8.5, 0, 15, 0.5], "texture": "#1"},
				"west": {"uv": [8.5, 0, 8.5, 0.5], "texture": "#1"},
				"up": {"uv": [8.5, 0, 15, 0.5], "rotation": 180, "texture": "#1"},
				"down": {"uv": [8.5, 0, 15, 0.5], "rotation": 180, "texture": "#1"}
			}
		},
		{
			"from": [8.49979, 18.47253, 8.20005],
			"to": [8.89979, 18.71253, 8.30005],
			"rotation": {"angle": 0, "axis": "z", "origin": [8.49979, 10.47253, 8.25005]},
			"faces": {
				"north": {"uv": [15, 0, 8.5, 0.5], "rotation": 180, "texture": "#1"},
				"east": {"uv": [8.5, 0, 8.5, 0.5], "texture": "#1"},
				"south": {"uv": [15, 0, 8.5, 0.5], "texture": "#1"},
				"west": {"uv": [16, 0, 15.5, 0.5], "texture": "#1"},
				"up": {"uv": [15, 0, 8.5, 0.5], "rotation": 180, "texture": "#1"},
				"down": {"uv": [15, 0, 8.5, 0.5], "rotation": 180, "texture": "#1"}
			}
		},
		{
			"from": [8.19979, 18.71253, 8.20005],
			"to": [8.49979, 18.95253, 8.30005],
			"rotation": {"angle": 0, "axis": "z", "origin": [8.49979, 10.47253, 8.25005]},
			"faces": {
				"north": {"uv": [8.5, 0, 13.375, 0.5], "rotation": 180, "texture": "#1"},
				"east": {"uv": [15.5, 0, 16, 0.5], "texture": "#1"},
				"south": {"uv": [8.5, 0, 14, 0.5], "texture": "#1"},
				"west": {"uv": [8.5, 0, 8.5, 0.5], "texture": "#1"},
				"up": {"uv": [8.5, 0, 14, 0.5], "rotation": 180, "texture": "#1"},
				"down": {"uv": [8.5, 0, 14, 0.5], "rotation": 180, "texture": "#1"}
			}
		},
		{
			"from": [8.49979, 18.71253, 8.20005],
			"to": [8.79979, 18.95253, 8.30005],
			"rotation": {"angle": 0, "axis": "z", "origin": [8.49979, 10.47253, 8.25005]},
			"faces": {
				"north": {"uv": [13.375, 0, 8.5, 0.5], "rotation": 180, "texture": "#1"},
				"east": {"uv": [8.5, 0, 8.5, 0.5], "texture": "#1"},
				"south": {"uv": [14, 0, 8.5, 0.5], "texture": "#1"},
				"west": {"uv": [16, 0, 15.5, 0.5], "texture": "#1"},
				"up": {"uv": [14, 0, 8.5, 0.5], "rotation": 180, "texture": "#1"},
				"down": {"uv": [14, 0, 8.5, 0.5], "rotation": 180, "texture": "#1"}
			}
		},
		{
			"from": [8.29979, 18.95253, 8.20005],
			"to": [8.49979, 19.19253, 8.30005],
			"rotation": {"angle": 0, "axis": "z", "origin": [8.49979, 10.47253, 8.25005]},
			"faces": {
				"north": {"uv": [8.5, 0, 11.75, 0.5], "rotation": 180, "texture": "#1"},
				"east": {"uv": [15.5, 0, 16, 0.5], "texture": "#1"},
				"south": {"uv": [8.5, 0, 13, 0.5], "texture": "#1"},
				"west": {"uv": [8.5, 0, 8.5, 0.5], "texture": "#1"},
				"up": {"uv": [8.5, 0, 13, 0.5], "rotation": 180, "texture": "#1"},
				"down": {"uv": [8.5, 0, 13, 0.5], "rotation": 180, "texture": "#1"}
			}
		},
		{
			"from": [8.49979, 18.95253, 8.20005],
			"to": [8.69979, 19.19253, 8.30005],
			"rotation": {"angle": 0, "axis": "z", "origin": [8.49979, 10.47253, 8.25005]},
			"faces": {
				"north": {"uv": [11.75, 0, 8.5, 0.5], "rotation": 180, "texture": "#1"},
				"east": {"uv": [8.5, 0, 8.5, 0.5], "texture": "#1"},
				"south": {"uv": [13, 0, 8.5, 0.5], "texture": "#1"},
				"west": {"uv": [16, 0, 15.5, 0.5], "texture": "#1"},
				"up": {"uv": [13, 0, 8.5, 0.5], "rotation": 180, "texture": "#1"},
				"down": {"uv": [13, 0, 8.5, 0.5], "rotation": 180, "texture": "#1"}
			}
		},
		{
			"from": [8.39979, 19.19253, 8.20005],
			"to": [8.49979, 19.43253, 8.30005],
			"rotation": {"angle": 0, "axis": "z", "origin": [8.49979, 10.47253, 8.25005]},
			"faces": {
				"north": {"uv": [8.5, 0, 10.125, 0.5], "rotation": 180, "texture": "#1"},
				"east": {"uv": [15.5, 0, 16, 0.5], "texture": "#1"},
				"south": {"uv": [8.5, 0, 12, 0.5], "texture": "#1"},
				"west": {"uv": [8.5, 0, 8.5, 0.5], "texture": "#1"},
				"up": {"uv": [8.5, 0, 12, 0.5], "rotation": 180, "texture": "#1"},
				"down": {"uv": [8.5, 0, 12, 0.5], "rotation": 180, "texture": "#1"}
			}
		},
		{
			"from": [8.49979, 19.19253, 8.20005],
			"to": [8.59979, 19.43253, 8.30005],
			"rotation": {"angle": 0, "axis": "z", "origin": [8.49979, 10.47253, 8.25005]},
			"faces": {
				"north": {"uv": [10.125, 0, 8.5, 0.5], "rotation": 180, "texture": "#1"},
				"east": {"uv": [8.5, 0, 8.5, 0.5], "texture": "#1"},
				"south": {"uv": [12, 0, 8.5, 0.5], "texture": "#1"},
				"west": {"uv": [16, 0, 15.5, 0.5], "texture": "#1"},
				"up": {"uv": [12, 0, 8.5, 0.5], "rotation": 180, "texture": "#1"},
				"down": {"uv": [12, 0, 8.5, 0.5], "rotation": 180, "texture": "#1"}
			}
		},
		{
			"from": [7.99979, 18.47253, 8.20025],
			"to": [8.09979, 19.67253, 8.29925],
			"rotation": {"angle": -22.5, "axis": "z", "origin": [7.99979, 18.47253, 8.25005]},
			"faces": {
				"north": {"uv": [8.5, 0, 10, 0.5], "rotation": 180, "texture": "#1"},
				"east": {"uv": [8.5, 0, 10, 0.5], "rotation": 180, "texture": "#1"},
				"south": {"uv": [8.5, 0, 10, 0.5], "rotation": 180, "texture": "#1"},
				"west": {"uv": [8.5, 0, 10, 0.5], "rotation": 180, "texture": "#1"},
				"up": {"uv": [8.5, 0, 10, 0.5], "rotation": 180, "texture": "#1"},
				"down": {"uv": [8.5, 0, 10, 0.5], "rotation": 180, "texture": "#1"}
			}
		},
		{
			"from": [8.89979, 18.47253, 8.20025],
			"to": [8.99979, 19.67253, 8.29925],
			"rotation": {"angle": 22.5, "axis": "z", "origin": [8.99979, 18.47253, 8.25005]},
			"faces": {
				"north": {"uv": [10, 0, 8.5, 0.5], "rotation": 180, "texture": "#1"},
				"east": {"uv": [10, 0, 8.5, 0.5], "rotation": 180, "texture": "#1"},
				"south": {"uv": [10, 0, 8.5, 0.5], "rotation": 180, "texture": "#1"},
				"west": {"uv": [10, 0, 8.5, 0.5], "rotation": 180, "texture": "#1"},
				"up": {"uv": [10, 0, 8.5, 0.5], "rotation": 180, "texture": "#1"},
				"down": {"uv": [10, 0, 8.5, 0.5], "rotation": 180, "texture": "#1"}
			}
		},
		{
			"from": [8.47779, 19.55053, 8.20005],
			"to": [8.53479, 19.60753, 8.30005],
			"rotation": {"angle": 45, "axis": "z", "origin": [8.49979, 19.57253, 8.25005]},
			"faces": {
				"north": {"uv": [8.5, 0, 9, 0.5], "rotation": 180, "texture": "#1"},
				"east": {"uv": [8.5, 0, 9, 0.5], "rotation": 180, "texture": "#1"},
				"south": {"uv": [8.5, 0, 9, 0.5], "rotation": 180, "texture": "#1"},
				"west": {"uv": [8.5, 0, 9, 0.5], "rotation": 180, "texture": "#1"},
				"up": {"uv": [8.5, 0, 9, 0.5], "rotation": 180, "texture": "#1"},
				"down": {"uv": [8.5, 0, 9, 0.5], "rotation": 180, "texture": "#1"}
			}
		}
	],
	"gui_light": "front",
	"display": {
		"thirdperson_righthand": {
			"rotation": [90, -15, 45],
			"translation": [-1, 0, 1],
			"scale": [1.6, 1, 1.6]
		},
		"thirdperson_lefthand": {
			"rotation": [90, -15, 45],
			"translation": [-1, 0, 1],
			"scale": [-1.6, 1, 1.6]
		},
		"firstperson_righthand": {
			"rotation": [-5, -175, -45],
			"translation": [0, 1.5, 1.5],
			"scale": [1.6, 1, 1.6]
		},
		"firstperson_lefthand": {
			"rotation": [-5, -175, -45],
			"translation": [0, 1.5, 1.5],
			"scale": [-1.6, 1, 1.6]
		},
		"ground": {
			"rotation": [19, -15, -30],
			"scale": [1.6, 1, 1.6]
		},
		"gui": {
			"rotation": [0, -15, -40],
			"translation": [-4.5, -4.5, 0],
			"scale": [2, 1.4375, 2]
		},
		"head": {
			"rotation": [0, 0, -90],
			"translation": [-5.5, -4.5, -7.5],
			"scale": [1.6, 1, 1.6]
		},
		"fixed": {
			"rotation": [10, -15, 40],
			"translation": [3, -5.5, -1.5],
			"scale": [2, 1.4375, 2]
		}
	},
	"groups": [
		{
			"name": "円形のやつ",
			"origin": [8.5, 6.5, 7.5],
			"children": []
		}, 0, 1, 2, 3, 4, 5, 6, 7, 8, 9, 10, 11, 12, 13, 14, 15, 16, 17,
		{
			"name": "刃",
			"origin": [8.5, 4.5, 7.5],
			"children": [18, 19, 20, 21, 22, 23, 24, 25, 26, 27, 28, 29]
		}, 30]
}