{
    "parent": "item/generated",
    "textures": {
        "layer0": "item/red_dye"
    },
    "overrides": [
		{"predicate": {"custom_model_data": 1},"model": "item/statue/zhongli"},
		{"predicate": {"custom_model_data": 2},"model": "item/statue/---"},
		{"predicate": {"custom_model_data": 3},"model": "item/statue/---"},
		{"predicate": {"custom_model_data": 4},"model": "item/statue/---"},
		{"predicate": {"custom_model_data": 5},"model": "item/statue/---"},
		{"predicate": {"custom_model_data": 6},"model": "item/statue/---"},
		{"predicate": {"custom_model_data": 7},"model": "item/statue/---"},
		{"predicate": {"custom_model_data": 8},"model": "item/statue/---"},
		{"predicate": {"custom_model_data": 9},"model": "item/statue/---"},
		{"predicate": {"custom_model_data": 10},"model": "item/statue/---"},
		{"predicate": {"custom_model_data": 11},"model": "item/statue/---"},
		{"predicate": {"custom_model_data": 12},"model": "item/statue/---"},
		{"predicate": {"custom_model_data": 13},"model": "item/statue/---"},
		{"predicate": {"custom_model_data": 14},"model": "item/statue/---"},
		{"predicate": {"custom_model_data": 15},"model": "item/statue/---"},
		{"predicate": {"custom_model_data": 16},"model": "item/statue/---"},
		{"predicate": {"custom_model_data": 17},"model": "item/statue/---"},
		{"predicate": {"custom_model_data": 18},"model": "item/statue/---"},
		{"predicate": {"custom_model_data": 19},"model": "item/statue/---"},
		{"predicate": {"custom_model_data": 20},"model": "item/statue/---"},
		{"predicate": {"custom_model_data": 21},"model": "item/statue/---"},
		{"predicate": {"custom_model_data": 22},"model": "item/statue/---"},
		{"predicate": {"custom_model_data": 23},"model": "item/statue/---"},
		{"predicate": {"custom_model_data": 24},"model": "item/statue/---"},
		{"predicate": {"custom_model_data": 25},"model": "item/statue/---"},
		{"predicate": {"custom_model_data": 26},"model": "item/statue/---"},
		{"predicate": {"custom_model_data": 27},"model": "item/statue/---"},
		{"predicate": {"custom_model_data": 28},"model": "item/statue/---"},
		{"predicate": {"custom_model_data": 29},"model": "item/statue/---"},
		{"predicate": {"custom_model_data": 30},"model": "item/statue/---"},
		{"predicate": {"custom_model_data": 300},"model": "item/statue/---"}
	]
}