{
	"credit": "Made with Blockbench",
	"textures": {
		"0": "./bonbon_ground",
		"particle": "./bonbon_ground"
	},
	"elements": [
		{
			"from": [5, 4, 5],
			"to": [11, 10, 11],
			"rotation": {"angle": 0, "axis": "y", "origin": [8, 7, 8]},
			"faces": {
				"north": {"uv": [8, 8, 16, 16], "texture": "#0"},
				"east": {"uv": [8, 8, 9.5, 16], "texture": "#0"},
				"south": {"uv": [8, 8, 9.5, 16], "texture": "#0"},
				"west": {"uv": [8, 8, 9.5, 16], "texture": "#0"},
				"up": {"uv": [0, 12, 4, 16], "texture": "#0"},
				"down": {"uv": [0, 12, 4, 16], "texture": "#0"}
			}
		},
		{
			"from": [7.5, 10, 7.5],
			"to": [8.5, 14, 8.5],
			"rotation": {"angle": 0, "axis": "y", "origin": [8, 7, 8]},
			"faces": {
				"north": {"uv": [0, 12, 4, 16], "texture": "#0"},
				"east": {"uv": [0, 12, 4, 16], "texture": "#0"},
				"south": {"uv": [0, 12, 4, 16], "texture": "#0"},
				"west": {"uv": [0, 12, 4, 16], "texture": "#0"},
				"up": {"uv": [0, 12, 4, 16], "texture": "#0"},
				"down": {"uv": [0, 12, 4, 16], "texture": "#0"}
			}
		},
		{
			"from": [4.5, 14, 4.5],
			"to": [11.5, 14, 11.5],
			"rotation": {"angle": 0, "axis": "y", "origin": [8, 7, 8]},
			"faces": {
				"north": {"uv": [4, 12, 8, 16], "texture": "#0"},
				"east": {"uv": [4, 12, 8, 16], "texture": "#0"},
				"south": {"uv": [4, 12, 8, 16], "texture": "#0"},
				"west": {"uv": [4, 12, 8, 16], "texture": "#0"},
				"up": {"uv": [0, 0, 8, 8], "texture": "#0"},
				"down": {"uv": [0, 0, 8, 8], "texture": "#0"}
			}
		},
		{
			"from": [4.75, 5.5, 4.75],
			"to": [11.25, 7, 11.25],
			"rotation": {"angle": 0, "axis": "y", "origin": [8, 7, 8]},
			"faces": {
				"north": {"uv": [0, 8, 4, 12], "texture": "#0"},
				"east": {"uv": [0, 8, 4, 12], "texture": "#0"},
				"south": {"uv": [0, 8, 4, 12], "texture": "#0"},
				"west": {"uv": [0, 8, 4, 12], "texture": "#0"},
				"up": {"uv": [0, 8, 4, 12], "texture": "#0"},
				"down": {"uv": [0, 8, 4, 12], "texture": "#0"}
			}
		}
	],
	"display": {
		"ground": {
			"translation": [0, -0.25, 0],
			"scale": [0.6, 0.6, 0.6]
		}
	}
}