{
	"credit": "Made with Blockbench",
	"textures": {
		"0": "head/megumin_pix_hat",
		"particle": "head/megumin_pix_hat"
	},
	"elements": [
		{
			"from": [5, 9.75, 6.14645],
			"to": [10, 11.75, 11.14645],
			"rotation": {"angle": 45, "axis": "y", "origin": [8, 10.75, 8.14645]},
			"faces": {
				"north": {"uv": [6, 10, 11, 12], "texture": "#0"},
				"east": {"uv": [6, 10, 11, 12], "texture": "#0"},
				"south": {"uv": [6, 10, 11, 12], "texture": "#0"},
				"west": {"uv": [6, 10, 11, 12], "texture": "#0"},
				"up": {"uv": [6, 10, 11, 12], "texture": "#0"},
				"down": {"uv": [6, 10, 11, 12], "texture": "#0"}
			}
		},
		{
			"from": [5.12421, 10.25, 10.78538],
			"to": [7.12421, 12.25, 10.78538],
			"rotation": {"angle": -45, "axis": "y", "origin": [6.12421, 11.25, 10.78538]},
			"faces": {
				"north": {"uv": [4, 0, 0, 4], "texture": "#0"},
				"east": {"uv": [6, 10, 6, 12], "texture": "#0"},
				"south": {"uv": [0, 0, 4, 4], "texture": "#0"},
				"west": {"uv": [6, 10, 6, 12], "texture": "#0"},
				"up": {"uv": [6, 10, 6, 12], "rotation": 270, "texture": "#0"},
				"down": {"uv": [6, 10, 6, 12], "rotation": 90, "texture": "#0"}
			}
		},
		{
			"from": [8.87579, 10.25, 10.78538],
			"to": [10.87579, 12.25, 10.78538],
			"rotation": {"angle": 45, "axis": "y", "origin": [9.87579, 11.25, 10.78538]},
			"faces": {
				"north": {"uv": [0, 0, 4, 4], "texture": "#0"},
				"east": {"uv": [6, 10, 6, 12], "texture": "#0"},
				"south": {"uv": [4, 0, 0, 4], "texture": "#0"},
				"west": {"uv": [6, 10, 6, 12], "texture": "#0"},
				"up": {"uv": [6, 12, 6, 10], "rotation": 270, "texture": "#0"},
				"down": {"uv": [6, 12, 6, 10], "rotation": 90, "texture": "#0"}
			}
		},
		{
			"from": [5.5, 9.75, 4.64645],
			"to": [10.5, 11.75, 9.64645],
			"rotation": {"angle": 0, "axis": "y", "origin": [8, 10.75, 8.14645]},
			"faces": {
				"north": {"uv": [6, 10, 11, 12], "texture": "#0"},
				"east": {"uv": [6, 10, 11, 12], "texture": "#0"},
				"south": {"uv": [6, 10, 11, 12], "texture": "#0"},
				"west": {"uv": [6, 10, 11, 12], "texture": "#0"},
				"up": {"uv": [6, 10, 11, 12], "texture": "#0"},
				"down": {"uv": [6, 10, 11, 12], "texture": "#0"}
			}
		},
		{
			"from": [7.25, 11.75, 7.89645],
			"to": [10, 13, 10.64645],
			"rotation": {"angle": -45, "axis": "y", "origin": [8, 12.375, 8.64645]},
			"faces": {
				"north": {"uv": [6, 10, 11, 12], "texture": "#0"},
				"east": {"uv": [6, 10, 11, 12], "texture": "#0"},
				"south": {"uv": [6, 10, 11, 12], "texture": "#0"},
				"west": {"uv": [6, 10, 11, 12], "texture": "#0"},
				"up": {"uv": [6, 10, 11, 12], "texture": "#0"},
				"down": {"uv": [6, 10, 11, 12], "texture": "#0"}
			}
		},
		{
			"from": [6, 11.75, 5.64645],
			"to": [10, 13, 9.64645],
			"rotation": {"angle": 0, "axis": "y", "origin": [8, 10.75, 8.14645]},
			"faces": {
				"north": {"uv": [6, 10, 11, 12], "texture": "#0"},
				"east": {"uv": [6, 10, 11, 12], "texture": "#0"},
				"south": {"uv": [6, 10, 11, 12], "texture": "#0"},
				"west": {"uv": [6, 10, 11, 12], "texture": "#0"},
				"up": {"uv": [6, 10, 11, 12], "texture": "#0"},
				"down": {"uv": [6, 10, 11, 12], "texture": "#0"}
			}
		},
		{
			"from": [6.25, 12.12552, 5.77066],
			"to": [9.75, 14.37552, 9.02066],
			"rotation": {"angle": -22.5, "axis": "x", "origin": [8, 13.25052, 7.39566]},
			"faces": {
				"north": {"uv": [6, 10, 11, 12], "texture": "#0"},
				"east": {"uv": [6, 10, 11, 12], "texture": "#0"},
				"south": {"uv": [6, 10, 11, 12], "texture": "#0"},
				"west": {"uv": [6, 10, 11, 12], "texture": "#0"},
				"up": {"uv": [6, 10, 11, 12], "texture": "#0"},
				"down": {"uv": [6, 10, 11, 12], "texture": "#0"}
			}
		},
		{
			"from": [6.5, 13.27357, 5.39059],
			"to": [9.5, 15.52357, 8.14059],
			"rotation": {"angle": 22.5, "axis": "x", "origin": [8, 14.39857, 6.76559]},
			"faces": {
				"north": {"uv": [6, 10, 11, 12], "texture": "#0"},
				"east": {"uv": [6, 10, 11, 12], "texture": "#0"},
				"south": {"uv": [6, 10, 11, 12], "texture": "#0"},
				"west": {"uv": [6, 10, 11, 12], "texture": "#0"},
				"up": {"uv": [6, 10, 11, 12], "texture": "#0"},
				"down": {"uv": [6, 10, 11, 12], "texture": "#0"}
			}
		},
		{
			"from": [6.75, 13.96413, 4.17578],
			"to": [9.25, 15.71413, 5.92578],
			"rotation": {"angle": 0, "axis": "x", "origin": [8, 14.83913, 5.05078]},
			"faces": {
				"north": {"uv": [6, 10, 11, 12], "texture": "#0"},
				"east": {"uv": [6, 10, 11, 12], "texture": "#0"},
				"south": {"uv": [6, 10, 11, 12], "texture": "#0"},
				"west": {"uv": [6, 10, 11, 12], "texture": "#0"},
				"up": {"uv": [6, 10, 11, 12], "texture": "#0"},
				"down": {"uv": [6, 10, 11, 12], "texture": "#0"}
			}
		},
		{
			"from": [7, 13.99372, 3.06772],
			"to": [9, 15.24372, 4.56772],
			"rotation": {"angle": -22.5, "axis": "x", "origin": [8, 14.61872, 3.81772]},
			"faces": {
				"north": {"uv": [6, 10, 11, 12], "texture": "#0"},
				"east": {"uv": [6, 10, 11, 12], "texture": "#0"},
				"south": {"uv": [6, 10, 11, 12], "texture": "#0"},
				"west": {"uv": [6, 10, 11, 12], "texture": "#0"},
				"up": {"uv": [6, 10, 11, 12], "texture": "#0"},
				"down": {"uv": [6, 10, 11, 12], "texture": "#0"}
			}
		},
		{
			"from": [7.25, 13.06186, 2.04724],
			"to": [8.75, 14.31186, 3.79724],
			"rotation": {"angle": -45, "axis": "x", "origin": [8, 13.93686, 2.79724]},
			"faces": {
				"north": {"uv": [6, 10, 11, 12], "texture": "#0"},
				"east": {"uv": [6, 10, 11, 12], "texture": "#0"},
				"south": {"uv": [6, 10, 11, 12], "texture": "#0"},
				"west": {"uv": [6, 10, 11, 12], "texture": "#0"},
				"up": {"uv": [6, 10, 11, 12], "texture": "#0"},
				"down": {"uv": [6, 10, 11, 12], "texture": "#0"}
			}
		},
		{
			"from": [7.5, 12.41281, 1.37675],
			"to": [8.5, 13.16281, 2.62675],
			"rotation": {"angle": -45, "axis": "x", "origin": [8, 12.78781, 2.00175]},
			"faces": {
				"north": {"uv": [6, 10, 11, 12], "texture": "#0"},
				"east": {"uv": [6, 10, 11, 12], "texture": "#0"},
				"south": {"uv": [6, 10, 11, 12], "texture": "#0"},
				"west": {"uv": [6, 10, 11, 12], "texture": "#0"},
				"up": {"uv": [6, 10, 11, 12], "texture": "#0"},
				"down": {"uv": [6, 10, 11, 12], "texture": "#0"}
			}
		},
		{
			"from": [7.25, 9.86983, 1.17341],
			"to": [8.75, 12.61983, 1.17341],
			"rotation": {"angle": 22.5, "axis": "x", "origin": [8, 11.74483, 0.92341]},
			"faces": {
				"north": {"uv": [4.5, 8, 0.75, 15.5], "texture": "#0"},
				"east": {"uv": [4.5, 2, 8.25, 9.5], "rotation": 270, "texture": "#0"},
				"south": {"uv": [0.75, 8, 4.5, 15.5], "texture": "#0"},
				"west": {"uv": [4.5, 2, 8.25, 9.5], "rotation": 270, "texture": "#0"},
				"up": {"uv": [4.5, 2, 8.25, 9.5], "rotation": 270, "texture": "#0"},
				"down": {"uv": [4.5, 2, 8.25, 9.5], "rotation": 270, "texture": "#0"}
			}
		},
		{
			"from": [8, 9.86983, 0.42341],
			"to": [8, 12.61983, 1.92341],
			"rotation": {"angle": 22.5, "axis": "x", "origin": [8, 11.74483, 0.92341]},
			"faces": {
				"north": {"uv": [4.5, 2, 8.25, 9.5], "rotation": 270, "texture": "#0"},
				"east": {"uv": [0.75, 8, 4.5, 15.5], "texture": "#0"},
				"south": {"uv": [4.5, 2, 8.25, 9.5], "rotation": 270, "texture": "#0"},
				"west": {"uv": [4.5, 8, 0.75, 15.5], "texture": "#0"},
				"up": {"uv": [4.5, 2, 8.25, 9.5], "rotation": 270, "texture": "#0"},
				"down": {"uv": [4.5, 2, 8.25, 9.5], "rotation": 270, "texture": "#0"}
			}
		},
		{
			"from": [7, 8, 10],
			"to": [9, 9, 12],
			"rotation": {"angle": -45, "axis": "y", "origin": [8, 8.5, 11]},
			"faces": {
				"north": {"uv": [6, 10, 11, 12], "texture": "#0"},
				"east": {"uv": [6, 10, 11, 12], "texture": "#0"},
				"south": {"uv": [6, 10, 11, 12], "texture": "#0"},
				"west": {"uv": [6, 10, 11, 12], "texture": "#0"},
				"up": {"uv": [6, 10, 11, 12], "texture": "#0"},
				"down": {"uv": [6, 10, 11, 12], "texture": "#0"}
			}
		},
		{
			"from": [7.5412, 8, 10.10765],
			"to": [12.5412, 10, 12.10765],
			"rotation": {"angle": 22.5, "axis": "y", "origin": [8.5412, 8.5, 11.10765]},
			"faces": {
				"north": {"uv": [6, 10, 11, 12], "texture": "#0"},
				"east": {"uv": [6, 10, 11, 12], "texture": "#0"},
				"south": {"uv": [6, 10, 11, 12], "texture": "#0"},
				"west": {"uv": [6, 10, 11, 12], "texture": "#0"},
				"up": {"uv": [6, 10, 11, 12], "texture": "#0"},
				"down": {"uv": [6, 10, 11, 12], "texture": "#0"}
			}
		},
		{
			"from": [3.4588, 8, 10.10765],
			"to": [8.4588, 10, 12.10765],
			"rotation": {"angle": -22.5, "axis": "y", "origin": [7.4588, 8.5, 11.10765]},
			"faces": {
				"north": {"uv": [6, 10, 11, 12], "texture": "#0"},
				"east": {"uv": [6, 10, 11, 12], "texture": "#0"},
				"south": {"uv": [6, 10, 11, 12], "texture": "#0"},
				"west": {"uv": [6, 10, 11, 12], "texture": "#0"},
				"up": {"uv": [6, 10, 11, 12], "texture": "#0"},
				"down": {"uv": [6, 10, 11, 12], "texture": "#0"}
			}
		},
		{
			"from": [2.7088, 8, 12.60765],
			"to": [8.7088, 10, 12.60765],
			"rotation": {"angle": -22.5, "axis": "y", "origin": [7.4588, 8.5, 11.10765]},
			"faces": {
				"north": {"uv": [9.75, 1, 12, 7.25], "rotation": 90, "texture": "#0"},
				"east": {"uv": [6, 10, 11, 12], "texture": "#0"},
				"south": {"uv": [9.75, 1, 12, 7.25], "rotation": 90, "texture": "#0"},
				"west": {"uv": [6, 10, 11, 12], "texture": "#0"},
				"up": {"uv": [9.75, 0, 12, 8.25], "texture": "#0"},
				"down": {"uv": [6, 10, 11, 12], "texture": "#0"}
			}
		},
		{
			"from": [3.97794, 8, 3.47123],
			"to": [3.97794, 10, 10.97123],
			"rotation": {"angle": -22.5, "axis": "y", "origin": [3.97794, 9, 7.09623]},
			"faces": {
				"north": {"uv": [6, 10, 11, 12], "texture": "#0"},
				"east": {"uv": [12, 1, 9.75, 8.25], "rotation": 270, "texture": "#0"},
				"south": {"uv": [6, 10, 11, 12], "texture": "#0"},
				"west": {"uv": [9.75, 1, 12, 8.25], "rotation": 90, "texture": "#0"},
				"up": {"uv": [9.75, 0, 12, 8.25], "rotation": 90, "texture": "#0"},
				"down": {"uv": [6, 10, 11, 12], "rotation": 270, "texture": "#0"}
			}
		},
		{
			"from": [12.06989, 8, 3.46172],
			"to": [12.06989, 10, 10.96172],
			"rotation": {"angle": 22.5, "axis": "y", "origin": [12.06989, 9, 7.21172]},
			"faces": {
				"north": {"uv": [11, 10, 6, 12], "texture": "#0"},
				"east": {"uv": [9.75, 8.25, 12, 1], "rotation": 90, "texture": "#0"},
				"south": {"uv": [11, 10, 6, 12], "texture": "#0"},
				"west": {"uv": [9.75, 1, 12, 8.25], "rotation": 90, "texture": "#0"},
				"up": {"uv": [9.75, 8.25, 12, 0], "rotation": 90, "texture": "#0"},
				"down": {"uv": [6, 12, 11, 10], "rotation": 270, "texture": "#0"}
			}
		},
		{
			"from": [5.38575, 8, 3.74679],
			"to": [10.63575, 10, 3.74679],
			"rotation": {"angle": 0, "axis": "y", "origin": [6.88575, 9, 3.74679]},
			"faces": {
				"north": {"uv": [9.75, 8, 12, 0.25], "rotation": 90, "texture": "#0"},
				"east": {"uv": [11, 10, 6, 12], "texture": "#0"},
				"south": {"uv": [9.75, 8, 12, 0.25], "rotation": 90, "texture": "#0"},
				"west": {"uv": [11, 10, 6, 12], "texture": "#0"},
				"up": {"uv": [9.75, 8.25, 12, 0], "texture": "#0"},
				"down": {"uv": [6, 12, 11, 10], "texture": "#0"}
			}
		},
		{
			"from": [7.2912, 8, 12.60765],
			"to": [13.2912, 10, 12.60765],
			"rotation": {"angle": 22.5, "axis": "y", "origin": [8.5412, 8.5, 11.10765]},
			"faces": {
				"north": {"uv": [9.75, 1, 12, 7.25], "rotation": 90, "texture": "#0"},
				"east": {"uv": [11, 10, 6, 12], "texture": "#0"},
				"south": {"uv": [9.75, 1, 12, 7.25], "rotation": 90, "texture": "#0"},
				"west": {"uv": [11, 10, 6, 12], "texture": "#0"},
				"up": {"uv": [12, 0, 9.75, 8.25], "texture": "#0"},
				"down": {"uv": [11, 10, 6, 12], "texture": "#0"}
			}
		},
		{
			"from": [5.51909, 8, 3.99035],
			"to": [10.51909, 10, 5.99035],
			"rotation": {"angle": 0, "axis": "y", "origin": [8.36909, 8.5, 4.99035]},
			"faces": {
				"north": {"uv": [6, 10, 11, 12], "texture": "#0"},
				"east": {"uv": [6, 10, 11, 12], "texture": "#0"},
				"south": {"uv": [6, 10, 11, 12], "texture": "#0"},
				"west": {"uv": [6, 10, 11, 12], "texture": "#0"},
				"up": {"uv": [6, 10, 11, 12], "texture": "#0"},
				"down": {"uv": [6, 10, 11, 12], "texture": "#0"}
			}
		},
		{
			"from": [9.68585, 8, 4.15609],
			"to": [11.68585, 10, 10.98109],
			"rotation": {"angle": 22.5, "axis": "y", "origin": [10.68585, 8.5, 7.00609]},
			"faces": {
				"north": {"uv": [6, 10, 8, 12], "texture": "#0"},
				"east": {"uv": [6, 10, 12.825, 12], "texture": "#0"},
				"south": {"uv": [6, 10, 8, 12], "texture": "#0"},
				"west": {"uv": [6, 10, 12.825, 12], "texture": "#0"},
				"up": {"uv": [6, 10, 11, 12], "texture": "#0"},
				"down": {"uv": [6, 9.175, 8, 16], "texture": "#0"}
			}
		},
		{
			"from": [4.13706, 8, 4.11327],
			"to": [6.13706, 10, 10.93827],
			"rotation": {"angle": -22.5, "axis": "y", "origin": [5.13706, 8.5, 7.52577]},
			"faces": {
				"north": {"uv": [6, 10, 8, 12], "texture": "#0"},
				"east": {"uv": [6, 10, 12.825, 12], "texture": "#0"},
				"south": {"uv": [6, 10, 8, 12], "texture": "#0"},
				"west": {"uv": [6, 10, 12.825, 12], "texture": "#0"},
				"up": {"uv": [6, 10, 11, 12], "texture": "#0"},
				"down": {"uv": [6, 9.175, 8, 16], "texture": "#0"}
			}
		},
		{
			"name": "hexadecagon",
			"from": [6.50816, 7.95, 0.5],
			"to": [9.49184, 8.05, 15.5],
			"rotation": {"angle": -45, "axis": "y", "origin": [8, 8, 8]},
			"faces": {
				"north": {"uv": [13.5, 7.5, 15.75, 8.25], "texture": "#0"},
				"east": {"uv": [13.5, 7.5, 15.75, 8.25], "texture": "#0"},
				"south": {"uv": [13.5, 7.5, 15.75, 8.25], "texture": "#0"},
				"west": {"uv": [13.5, 7.5, 15.75, 8.25], "texture": "#0"},
				"up": {"uv": [13.5, 7.5, 15.75, 16], "texture": "#0"},
				"down": {"uv": [13.5, 7.5, 15.75, 16], "texture": "#0"}
			}
		},
		{
			"name": "hexadecagon",
			"from": [6.50816, 7.95, 0.5],
			"to": [9.49184, 8.05, 15.5],
			"rotation": {"angle": -22.5, "axis": "y", "origin": [8, 8, 8]},
			"faces": {
				"north": {"uv": [13.5, 7.5, 15.75, 8.25], "texture": "#0"},
				"east": {"uv": [13.5, 7.5, 15.75, 8.25], "texture": "#0"},
				"south": {"uv": [13.5, 7.5, 15.75, 8.25], "texture": "#0"},
				"west": {"uv": [13.5, 7.5, 15.75, 8.25], "texture": "#0"},
				"up": {"uv": [13.5, 7.5, 15.75, 16], "texture": "#0"},
				"down": {"uv": [13.5, 7.5, 15.75, 16], "texture": "#0"}
			}
		},
		{
			"name": "hexadecagon",
			"from": [6.50816, 7.95, 0.5],
			"to": [9.49184, 8.05, 15.5],
			"rotation": {"angle": 0, "axis": "y", "origin": [8, 8, 8]},
			"faces": {
				"north": {"uv": [13.5, 7.5, 15.75, 8.25], "texture": "#0"},
				"east": {"uv": [13.5, 7.5, 15.75, 8.25], "texture": "#0"},
				"south": {"uv": [13.5, 7.5, 15.75, 8.25], "texture": "#0"},
				"west": {"uv": [13.5, 7.5, 15.75, 8.25], "texture": "#0"},
				"up": {"uv": [13.5, 7.5, 15.75, 16], "texture": "#0"},
				"down": {"uv": [13.5, 7.5, 15.75, 16], "texture": "#0"}
			}
		},
		{
			"name": "hexadecagon",
			"from": [6.50816, 7.95, 0.5],
			"to": [9.49184, 8.05, 15.5],
			"rotation": {"angle": 22.5, "axis": "y", "origin": [8, 8, 8]},
			"faces": {
				"north": {"uv": [13.5, 7.5, 15.75, 8.25], "texture": "#0"},
				"east": {"uv": [13.5, 7.5, 15.75, 8.25], "texture": "#0"},
				"south": {"uv": [13.5, 7.5, 15.75, 8.25], "texture": "#0"},
				"west": {"uv": [13.5, 7.5, 15.75, 8.25], "texture": "#0"},
				"up": {"uv": [13.5, 7.5, 15.75, 16], "texture": "#0"},
				"down": {"uv": [13.5, 7.5, 15.75, 16], "texture": "#0"}
			}
		},
		{
			"name": "hexadecagon",
			"from": [6.50816, 7.95, 0.5],
			"to": [9.49184, 8.05, 15.5],
			"rotation": {"angle": 45, "axis": "y", "origin": [8, 8, 8]},
			"faces": {
				"north": {"uv": [13.5, 7.5, 15.75, 8.25], "texture": "#0"},
				"east": {"uv": [13.5, 7.5, 15.75, 8.25], "texture": "#0"},
				"south": {"uv": [13.5, 7.5, 15.75, 8.25], "texture": "#0"},
				"west": {"uv": [13.5, 7.5, 15.75, 8.25], "texture": "#0"},
				"up": {"uv": [13.5, 7.5, 15.75, 16], "texture": "#0"},
				"down": {"uv": [13.5, 7.5, 15.75, 16], "texture": "#0"}
			}
		},
		{
			"name": "hexadecagon",
			"from": [0.5, 7.95, 6.50816],
			"to": [15.5, 8.05, 9.49184],
			"rotation": {"angle": -22.5, "axis": "y", "origin": [8, 8, 8]},
			"faces": {
				"north": {"uv": [13.5, 7.5, 15.75, 8.25], "texture": "#0"},
				"east": {"uv": [13.5, 7.5, 15.75, 8.25], "texture": "#0"},
				"south": {"uv": [13.5, 7.5, 15.75, 8.25], "texture": "#0"},
				"west": {"uv": [13.5, 7.5, 15.75, 8.25], "texture": "#0"},
				"up": {"uv": [13.5, 7.5, 15.75, 16], "rotation": 90, "texture": "#0"},
				"down": {"uv": [13.5, 7.5, 15.75, 16], "rotation": 90, "texture": "#0"}
			}
		},
		{
			"name": "hexadecagon",
			"from": [0.5, 7.95, 6.50816],
			"to": [15.5, 8.05, 9.49184],
			"rotation": {"angle": 0, "axis": "y", "origin": [8, 8, 8]},
			"faces": {
				"north": {"uv": [13.5, 7.5, 15.75, 8.25], "texture": "#0"},
				"east": {"uv": [13.5, 7.5, 15.75, 8.25], "texture": "#0"},
				"south": {"uv": [13.5, 7.5, 15.75, 8.25], "texture": "#0"},
				"west": {"uv": [13.5, 7.5, 15.75, 8.25], "texture": "#0"},
				"up": {"uv": [13.5, 7.5, 15.75, 16], "rotation": 90, "texture": "#0"},
				"down": {"uv": [13.5, 7.5, 15.75, 16], "rotation": 90, "texture": "#0"}
			}
		},
		{
			"name": "hexadecagon",
			"from": [0.5, 7.95, 6.50816],
			"to": [15.5, 8.05, 9.49184],
			"rotation": {"angle": 22.5, "axis": "y", "origin": [8, 8, 8]},
			"faces": {
				"north": {"uv": [13.5, 7.5, 15.75, 8.25], "texture": "#0"},
				"east": {"uv": [13.5, 7.5, 15.75, 8.25], "texture": "#0"},
				"south": {"uv": [13.5, 7.5, 15.75, 8.25], "texture": "#0"},
				"west": {"uv": [13.5, 7.5, 15.75, 8.25], "texture": "#0"},
				"up": {"uv": [13.5, 7.5, 15.75, 16], "rotation": 90, "texture": "#0"},
				"down": {"uv": [13.5, 7.5, 15.75, 16], "rotation": 90, "texture": "#0"}
			}
		}
	],
	"display": {
		"thirdperson_righthand": {
			"rotation": [70.75, -163, -4.75],
			"translation": [0, 3, 1],
			"scale": [0.55, 0.55, 0.55]
		},
		"thirdperson_lefthand": {
			"rotation": [70.75, -163, -4.75],
			"translation": [0, 3, 1],
			"scale": [0.55, 0.55, 0.55]
		},
		"firstperson_righthand": {
			"rotation": [12.75, -163, -4.75],
			"translation": [0, 3, 1],
			"scale": [0.55, 0.55, 0.55]
		},
		"firstperson_lefthand": {
			"rotation": [12.75, -163, -4.75],
			"translation": [0, 3, 1],
			"scale": [0.55, 0.55, 0.55]
		},
		"ground": {
			"translation": [0, -1.5, 0]
		},
		"gui": {
			"rotation": [35.5, -52.5, 0],
			"translation": [0, -2.75, -1]
		},
		"head": {
			"rotation": [17.75, 180, 0],
			"translation": [0, 2, -0.5],
			"scale": [2.6, 2.6, 2.6]
		},
		"fixed": {
			"rotation": [0, -180, 0],
			"translation": [0, -2.75, -1]
		}
	},
	"groups": [0, 1, 2, 3, 4, 5, 6, 7, 8, 9, 10, 11, 12, 13, 14, 15, 16, 17, 18, 19, 20, 21, 22, 23, 24,
		{
			"name": "hexadecagon",
			"origin": [8, 8, 8],
			"children": [25, 26, 27, 28, 29, 30, 31, 32]
		}
	]
}