{
	"credit": "Made with Blockbench",
	"textures": {
		"0": "head/paimon",
		"particle": "head/paimon"
	},
	"elements": [
		{
			"name": "head",
			"from": [4, 17.5, 4],
			"to": [12, 25.5, 12],
			"rotation": {"angle": 0, "axis": "y", "origin": [8.0003, 21.95562, 6.97091]},
			"faces": {
				"north": {"uv": [2, 2, 4, 4], "texture": "#0"},
				"east": {"uv": [0, 2, 2, 4], "texture": "#0"},
				"south": {"uv": [6, 2, 8, 4], "texture": "#0"},
				"west": {"uv": [4, 2, 6, 4], "texture": "#0"},
				"up": {"uv": [4, 2, 2, 0], "texture": "#0"},
				"down": {"uv": [6, 0, 4, 2], "texture": "#0"}
			}
		},
		{
			"name": "body",
			"from": [3, 5.5, 5],
			"to": [13, 11.5, 11],
			"rotation": {"angle": 0, "axis": "y", "origin": [8.0003, 21.95562, 6.97091]},
			"faces": {
				"north": {"uv": [5, 6.75, 7, 8], "texture": "#0"},
				"east": {"uv": [4, 6.5, 5, 8], "texture": "#0"},
				"south": {"uv": [8, 5, 10, 8], "texture": "#0"},
				"west": {"uv": [7, 6.5, 8, 8], "texture": "#0"},
				"up": {"uv": [7, 5, 5, 4], "texture": "#0"},
				"down": {"uv": [9, 4, 7, 5], "texture": "#0"}
			}
		},
		{
			"name": "body_2nd_layer",
			"from": [3, 5.02, 4.49],
			"to": [13, 12.03, 11.49],
			"rotation": {"angle": 0, "axis": "y", "origin": [8.0003, 21.95562, 6.97091]},
			"faces": {
				"north": {"uv": [5, 10.75, 7, 12], "texture": "#0"},
				"east": {"uv": [4, 9, 5, 12], "texture": "#0"},
				"south": {"uv": [13.75, 8.75, 15.75, 11.75], "texture": "#0"},
				"west": {"uv": [7, 9, 8, 12], "texture": "#0"},
				"up": {"uv": [15.5, 9.5, 13.5, 8.5], "texture": "#0"},
				"down": {"uv": [9, 8, 7, 9], "texture": "#0"}
			}
		},
		{
			"name": "body",
			"from": [4, 11.5, 6],
			"to": [12, 17.5, 10],
			"rotation": {"angle": 0, "axis": "y", "origin": [8.0003, 21.95562, 6.97091]},
			"faces": {
				"north": {"uv": [5, 5, 7, 6.75], "texture": "#0"},
				"east": {"uv": [4, 5, 5, 6.25], "texture": "#0"},
				"south": {"uv": [8, 5, 10, 8], "texture": "#0"},
				"west": {"uv": [7, 5, 8, 6.5], "texture": "#0"},
				"up": {"uv": [7, 5, 5, 4], "texture": "#0"},
				"down": {"uv": [9, 4, 7, 5], "texture": "#0"}
			}
		},
		{
			"name": "body_2nd_layer",
			"from": [4, 11.02, 5.49],
			"to": [12, 18.03, 10.49],
			"rotation": {"angle": 0, "axis": "y", "origin": [8.0003, 21.95562, 6.97091]},
			"faces": {
				"north": {"uv": [5, 9, 7, 10.75], "texture": "#0"},
				"east": {"uv": [4, 9, 5, 12], "texture": "#0"},
				"south": {"uv": [13.75, 8.75, 15.75, 11.75], "texture": "#0"},
				"west": {"uv": [7, 9, 8, 12], "texture": "#0"},
				"up": {"uv": [7, 9, 5, 8], "texture": "#0"},
				"down": {"uv": [9, 8, 7, 9], "texture": "#0"}
			}
		},
		{
			"name": "right_arm",
			"from": [9.1109, 3.88676, 6],
			"to": [12.1109, 15.88676, 10],
			"rotation": {"angle": 22.5, "axis": "z", "origin": [8.0003, 21.95562, 6.97091]},
			"faces": {
				"north": {"uv": [11, 5, 11.75, 8], "texture": "#0"},
				"east": {"uv": [10, 5, 11, 8], "texture": "#0"},
				"south": {"uv": [12.75, 5, 13.5, 8], "texture": "#0"},
				"west": {"uv": [11.75, 5, 12.75, 8], "texture": "#0"},
				"up": {"uv": [11.75, 5, 11, 4], "texture": "#0"},
				"down": {"uv": [12.5, 4, 11.75, 5], "texture": "#0"}
			}
		},
		{
			"name": "right_arm_2nd_layer",
			"from": [8.6109, 3.38676, 5.5],
			"to": [12.6109, 16.38676, 10.5],
			"rotation": {"angle": 22.5, "axis": "z", "origin": [8.0003, 21.95562, 6.97091]},
			"faces": {
				"north": {"uv": [10.75, 9, 11.5, 12], "texture": "#0"},
				"east": {"uv": [10, 9, 11, 12], "texture": "#0"},
				"south": {"uv": [12.75, 9, 13.5, 12], "texture": "#0"},
				"west": {"uv": [11.75, 9, 12.75, 12], "texture": "#0"},
				"up": {"uv": [11.75, 9, 11, 8], "texture": "#0"},
				"down": {"uv": [12.5, 8, 11.75, 9], "texture": "#0"}
			}
		},
		{
			"name": "left_arm",
			"from": [3.88914, 3.88653, 6],
			"to": [6.88914, 15.88653, 10],
			"rotation": {"angle": -22.5, "axis": "z", "origin": [8.0003, 21.95562, 6.97091]},
			"faces": {
				"north": {"uv": [9, 13, 9.75, 16], "texture": "#0"},
				"east": {"uv": [8, 13, 9, 16], "texture": "#0"},
				"south": {"uv": [10.75, 13, 11.5, 16], "texture": "#0"},
				"west": {"uv": [9.75, 13, 10.75, 16], "texture": "#0"},
				"up": {"uv": [9.75, 13, 9, 12], "texture": "#0"},
				"down": {"uv": [10.5, 12, 9.75, 13], "texture": "#0"}
			}
		},
		{
			"name": "left_arm_2nd_layer",
			"from": [3.38914, 3.38653, 5.5],
			"to": [7.38914, 16.38653, 10.5],
			"rotation": {"angle": -22.5, "axis": "z", "origin": [8.0003, 21.95562, 6.97091]},
			"faces": {
				"north": {"uv": [13, 13, 13.75, 16], "texture": "#0"},
				"east": {"uv": [12, 13, 13, 16], "texture": "#0"},
				"south": {"uv": [14.75, 13, 15.5, 16], "texture": "#0"},
				"west": {"uv": [13.75, 13, 14.75, 16], "texture": "#0"},
				"up": {"uv": [13.75, 13, 13, 12], "texture": "#0"},
				"down": {"uv": [14.5, 12, 13.75, 13], "texture": "#0"}
			}
		},
		{
			"name": "right_leg",
			"from": [4, -2.5, 6],
			"to": [8, 5.5, 10],
			"rotation": {"angle": 0, "axis": "y", "origin": [8.0003, 21.95562, 6.97091]},
			"faces": {
				"north": {"uv": [5, 13, 6, 16], "texture": "#0"},
				"east": {"uv": [4, 13, 5, 16], "texture": "#0"},
				"south": {"uv": [7, 13, 8, 16], "texture": "#0"},
				"west": {"uv": [6, 13, 7, 16], "texture": "#0"},
				"up": {"uv": [6, 13, 5, 12], "texture": "#0"},
				"down": {"uv": [7, 12, 6, 13], "texture": "#0"}
			}
		},
		{
			"name": "left_leg_2nd_layer",
			"from": [3.5, -3, 5.5],
			"to": [8.5, 6, 10.5],
			"rotation": {"angle": 0, "axis": "y", "origin": [8.0003, 21.95562, 6.97091]},
			"faces": {
				"north": {"uv": [1, 13, 2, 16], "texture": "#0"},
				"east": {"uv": [0, 13, 1, 16], "texture": "#0"},
				"south": {"uv": [3, 13, 4, 16], "texture": "#0"},
				"west": {"uv": [2, 13, 3, 16], "texture": "#0"},
				"up": {"uv": [2, 13, 1, 12], "texture": "#0"},
				"down": {"uv": [3, 12, 2, 13], "texture": "#0"}
			}
		},
		{
			"name": "left_leg",
			"from": [8, -1.48897, -0.14099],
			"to": [12, 6.51103, 3.85901],
			"rotation": {"angle": -22.5, "axis": "x", "origin": [8.0003, 21.95562, 6.97091]},
			"faces": {
				"north": {"uv": [1, 5, 2, 8], "texture": "#0"},
				"east": {"uv": [0, 5, 1, 8], "texture": "#0"},
				"south": {"uv": [3, 5, 4, 8], "texture": "#0"},
				"west": {"uv": [2, 5, 3, 8], "texture": "#0"},
				"up": {"uv": [2, 5, 1, 4], "texture": "#0"},
				"down": {"uv": [3, 4, 2, 5], "texture": "#0"}
			}
		},
		{
			"name": "right_leg_2nd_layer",
			"from": [7.5, -1.98897, -0.64099],
			"to": [12.5, 7.01103, 4.35901],
			"rotation": {"angle": -22.5, "axis": "x", "origin": [8.0003, 21.95562, 6.97091]},
			"faces": {
				"north": {"uv": [1, 9, 2, 12], "texture": "#0"},
				"east": {"uv": [0, 9, 1, 12], "texture": "#0"},
				"south": {"uv": [3, 9, 4, 12], "texture": "#0"},
				"west": {"uv": [0, 9, 1, 12], "texture": "#0"},
				"up": {"uv": [2, 9, 1, 8], "texture": "#0"},
				"down": {"uv": [3, 8, 2, 9], "texture": "#0"}
			}
		},
		{
			"name": "head_2nd_layer",
			"from": [3.5, 17, 3.5],
			"to": [12.5, 26, 12.5],
			"rotation": {"angle": 0, "axis": "y", "origin": [8.0003, 21.95562, 6.97091]},
			"faces": {
				"north": {"uv": [13.25, 0.25, 15.25, 2.25], "texture": "#0"},
				"east": {"uv": [8, 2, 10, 4], "texture": "#0"},
				"south": {"uv": [14, 2, 16, 4], "texture": "#0"},
				"west": {"uv": [12, 2, 14, 4], "texture": "#0"},
				"up": {"uv": [14, 2, 12, 0], "texture": "#0"},
				"down": {"uv": [14, 0, 12, 2], "texture": "#0"}
			}
		},
		{
			"name": "head_2nd_layer",
			"from": [3.5, 17, 3.5],
			"to": [12.5, 26, 12.5],
			"rotation": {"angle": 0, "axis": "y", "origin": [8.0003, 21.95562, 6.97091]},
			"faces": {
				"north": {"uv": [13.25, 0.25, 15.25, 2.25], "texture": "#0"},
				"east": {"uv": [8, 2, 10, 4], "texture": "#0"},
				"south": {"uv": [14, 2, 16, 4], "texture": "#0"},
				"west": {"uv": [12, 2, 14, 4], "texture": "#0"},
				"up": {"uv": [14, 2, 12, 0], "texture": "#0"},
				"down": {"uv": [14, 0, 12, 2], "texture": "#0"}
			}
		},
		{
			"name": "head_2nd_layer",
			"from": [2.5, 17, 3.5],
			"to": [13.5, 26, 3.5],
			"rotation": {"angle": 0, "axis": "y", "origin": [8.0003, 21.95562, 6.97091]},
			"faces": {
				"north": {"uv": [10, 2, 12, 4], "texture": "#0"},
				"east": {"uv": [13.25, 0.25, 15.25, 2.25], "texture": "#0"},
				"south": {"uv": [13.25, 0.25, 15.25, 2.25], "texture": "#0"},
				"west": {"uv": [13.25, 0.25, 15.25, 2.25], "texture": "#0"},
				"up": {"uv": [13.25, 0.25, 15.25, 2.25], "texture": "#0"},
				"down": {"uv": [13.25, 0.25, 15.25, 2.25], "texture": "#0"}
			}
		},
		{
			"name": "body_2nd_layer",
			"from": [1, 2.97212, 8.71886],
			"to": [15, 16.98212, 8.71886],
			"rotation": {"angle": -22.5, "axis": "x", "origin": [8.0003, 21.95562, 6.97091]},
			"faces": {
				"north": {"uv": [10, 9, 8, 12], "texture": "#0"},
				"east": {"uv": [13.75, 8.75, 15.75, 11.75], "texture": "#0"},
				"south": {"uv": [8, 9, 10, 12], "texture": "#0"},
				"west": {"uv": [13.75, 8.75, 15.75, 11.75], "texture": "#0"},
				"up": {"uv": [13.75, 8.75, 15.75, 11.75], "texture": "#0"},
				"down": {"uv": [13.75, 8.75, 15.75, 11.75], "texture": "#0"}
			}
		},
		{
			"name": "hexadecagon",
			"from": [7.63374, 28.95, 2.1988],
			"to": [9.82178, 29.05, 3.1988],
			"rotation": {"angle": -45, "axis": "y", "origin": [8.0003, 21.95562, 6.97091]},
			"faces": {
				"north": {"uv": [11.25, 1.75, 11.5, 2.25], "texture": "#0"},
				"east": {"uv": [11.25, 1.75, 11.5, 2.25], "texture": "#0"},
				"south": {"uv": [11.25, 1.75, 11.5, 2.25], "texture": "#0"},
				"west": {"uv": [11.25, 1.75, 11.5, 2.25], "texture": "#0"},
				"up": {"uv": [11.25, 1.75, 11.5, 2.25], "texture": "#0"},
				"down": {"uv": [11.25, 1.75, 11.5, 2.25], "texture": "#0"}
			}
		},
		{
			"name": "hexadecagon",
			"from": [7.29982, 28.95, 2.42178],
			"to": [9.48786, 29.05, 3.42178],
			"rotation": {"angle": -22.5, "axis": "y", "origin": [8.0003, 21.95562, 6.97091]},
			"faces": {
				"north": {"uv": [11.25, 1.75, 11.5, 2.25], "texture": "#0"},
				"east": {"uv": [11.25, 1.75, 11.5, 2.25], "texture": "#0"},
				"south": {"uv": [11.25, 1.75, 11.5, 2.25], "texture": "#0"},
				"west": {"uv": [11.25, 1.75, 11.5, 2.25], "texture": "#0"},
				"up": {"uv": [11.25, 1.75, 11.5, 2.25], "texture": "#0"},
				"down": {"uv": [11.25, 1.75, 11.5, 2.25], "texture": "#0"}
			}
		},
		{
			"name": "hexadecagon",
			"from": [6.90598, 28.95, 2.5],
			"to": [9.09402, 29.05, 3.5],
			"rotation": {"angle": 0, "axis": "y", "origin": [8.0003, 21.95562, 6.97091]},
			"faces": {
				"north": {"uv": [11.25, 1.75, 11.5, 2.25], "texture": "#0"},
				"east": {"uv": [11.25, 1.75, 11.5, 2.25], "texture": "#0"},
				"south": {"uv": [11.25, 1.75, 11.5, 2.25], "texture": "#0"},
				"west": {"uv": [11.25, 1.75, 11.5, 2.25], "texture": "#0"},
				"up": {"uv": [11.25, 1.75, 11.5, 2.25], "texture": "#0"},
				"down": {"uv": [11.25, 1.75, 11.5, 2.25], "texture": "#0"}
			}
		},
		{
			"name": "hexadecagon",
			"from": [10.9741, 28.65234, 2.5],
			"to": [12.0741, 28.84037, 3],
			"rotation": {"angle": 22.5, "axis": "z", "origin": [8.0003, 21.95562, 6.97091]},
			"faces": {
				"north": {"uv": [11.25, 1.75, 11.5, 2.25], "rotation": 270, "texture": "#0"},
				"east": {"uv": [11.25, 1.75, 11.5, 2.25], "rotation": 90, "texture": "#0"},
				"south": {"uv": [11.25, 1.75, 11.5, 2.25], "rotation": 90, "texture": "#0"},
				"west": {"uv": [11.25, 1.75, 11.5, 2.25], "rotation": 90, "texture": "#0"},
				"up": {"uv": [11.25, 1.75, 11.5, 2.25], "rotation": 90, "texture": "#0"},
				"down": {"uv": [11.25, 1.75, 11.5, 2.25], "rotation": 90, "texture": "#0"}
			}
		},
		{
			"name": "hexadecagon",
			"from": [3.19858, 28.16597, 2.5],
			"to": [3.54858, 28.354, 3],
			"rotation": {"angle": -45, "axis": "z", "origin": [8.0003, 21.95562, 6.97091]},
			"faces": {
				"north": {"uv": [11.25, 1.75, 11.5, 2.25], "rotation": 270, "texture": "#0"},
				"east": {"uv": [11.25, 1.75, 11.5, 2.25], "rotation": 90, "texture": "#0"},
				"south": {"uv": [11.25, 1.75, 11.5, 2.25], "rotation": 90, "texture": "#0"},
				"west": {"uv": [11.25, 1.75, 11.5, 2.25], "rotation": 90, "texture": "#0"},
				"up": {"uv": [11.25, 1.75, 11.5, 2.25], "rotation": 90, "texture": "#0"},
				"down": {"uv": [11.25, 1.75, 11.5, 2.25], "rotation": 90, "texture": "#0"}
			}
		},
		{
			"name": "hexadecagon",
			"from": [12.45159, 28.16638, 2.5],
			"to": [12.80159, 28.35442, 3],
			"rotation": {"angle": 45, "axis": "z", "origin": [8.0003, 21.95562, 6.97091]},
			"faces": {
				"north": {"uv": [11.25, 2.25, 11.5, 1.75], "rotation": 270, "texture": "#0"},
				"east": {"uv": [11.25, 2.25, 11.5, 1.75], "rotation": 90, "texture": "#0"},
				"south": {"uv": [11.25, 2.25, 11.5, 1.75], "rotation": 90, "texture": "#0"},
				"west": {"uv": [11.25, 2.25, 11.5, 1.75], "rotation": 90, "texture": "#0"},
				"up": {"uv": [11.25, 2.25, 11.5, 1.75], "rotation": 90, "texture": "#0"},
				"down": {"uv": [11.25, 2.25, 11.5, 1.75], "rotation": 90, "texture": "#0"}
			}
		},
		{
			"name": "hexadecagon",
			"from": [3.92595, 28.65211, 2.5],
			"to": [5.02595, 28.84015, 3],
			"rotation": {"angle": -22.5, "axis": "z", "origin": [8.0003, 21.95562, 6.97091]},
			"faces": {
				"north": {"uv": [11.25, 2.25, 11.5, 1.75], "rotation": 270, "texture": "#0"},
				"east": {"uv": [11.25, 2.25, 11.5, 1.75], "rotation": 90, "texture": "#0"},
				"south": {"uv": [11.25, 2.25, 11.5, 1.75], "rotation": 90, "texture": "#0"},
				"west": {"uv": [11.25, 2.25, 11.5, 1.75], "rotation": 90, "texture": "#0"},
				"up": {"uv": [11.25, 2.25, 11.5, 1.75], "rotation": 90, "texture": "#0"},
				"down": {"uv": [11.25, 2.25, 11.5, 1.75], "rotation": 90, "texture": "#0"}
			}
		},
		{
			"name": "hexadecagon",
			"from": [7.65598, 28.45, 2.5],
			"to": [8.34402, 29.55, 3],
			"rotation": {"angle": 0, "axis": "y", "origin": [8.0003, 21.95562, 6.97091]},
			"faces": {
				"north": {"uv": [11.25, 1.75, 11.5, 2.25], "texture": "#0"},
				"east": {"uv": [11.25, 1.75, 11.5, 2.25], "texture": "#0"},
				"south": {"uv": [11.25, 1.75, 11.5, 2.25], "texture": "#0"},
				"west": {"uv": [11.25, 1.75, 11.5, 2.25], "texture": "#0"},
				"up": {"uv": [11.25, 1.75, 11.5, 2.25], "texture": "#0"},
				"down": {"uv": [11.25, 1.75, 11.5, 2.25], "texture": "#0"}
			}
		},
		{
			"name": "hexadecagon",
			"from": [7.80598, 27.35, 2.5],
			"to": [8.19402, 28.45, 3],
			"rotation": {"angle": 0, "axis": "y", "origin": [8.0003, 21.95562, 6.97091]},
			"faces": {
				"north": {"uv": [11.25, 1.75, 11.5, 2.25], "texture": "#0"},
				"east": {"uv": [11.25, 1.75, 11.5, 2.25], "texture": "#0"},
				"south": {"uv": [11.25, 1.75, 11.5, 2.25], "texture": "#0"},
				"west": {"uv": [11.25, 1.75, 11.5, 2.25], "texture": "#0"},
				"up": {"uv": [11.25, 1.75, 11.5, 2.25], "texture": "#0"},
				"down": {"uv": [11.25, 1.75, 11.5, 2.25], "texture": "#0"}
			}
		},
		{
			"name": "hexadecagon",
			"from": [3.53761, 25.82634, 2.5],
			"to": [4.13761, 26.42634, 3],
			"rotation": {"angle": -45, "axis": "z", "origin": [8.0003, 21.95562, 6.97091]},
			"faces": {
				"north": {"uv": [11.25, 1.75, 11.5, 2.25], "texture": "#0"},
				"east": {"uv": [11.25, 1.75, 11.5, 2.25], "texture": "#0"},
				"south": {"uv": [11.25, 1.75, 11.5, 2.25], "texture": "#0"},
				"west": {"uv": [11.25, 1.75, 11.5, 2.25], "texture": "#0"},
				"up": {"uv": [11.25, 1.75, 11.5, 2.25], "texture": "#0"},
				"down": {"uv": [11.25, 1.75, 11.5, 2.25], "texture": "#0"}
			}
		},
		{
			"name": "hexadecagon",
			"from": [4.04849, 25.63262, 2.5],
			"to": [4.32349, 25.90762, 3],
			"rotation": {"angle": -45, "axis": "z", "origin": [8.0003, 21.95562, 6.97091]},
			"faces": {
				"north": {"uv": [11.25, 1.75, 11.5, 2.25], "texture": "#0"},
				"east": {"uv": [11.25, 1.75, 11.5, 2.25], "texture": "#0"},
				"south": {"uv": [11.25, 1.75, 11.5, 2.25], "texture": "#0"},
				"west": {"uv": [11.25, 1.75, 11.5, 2.25], "texture": "#0"},
				"up": {"uv": [11.25, 1.75, 11.5, 2.25], "texture": "#0"},
				"down": {"uv": [11.25, 1.75, 11.5, 2.25], "texture": "#0"}
			}
		},
		{
			"name": "hexadecagon",
			"from": [2.28761, 27.07634, 2.5],
			"to": [2.88761, 27.67634, 3],
			"rotation": {"angle": -45, "axis": "z", "origin": [8.0003, 21.95562, 6.97091]},
			"faces": {
				"north": {"uv": [11.25, 1.75, 11.5, 2.25], "texture": "#0"},
				"east": {"uv": [11.25, 1.75, 11.5, 2.25], "texture": "#0"},
				"south": {"uv": [11.25, 1.75, 11.5, 2.25], "texture": "#0"},
				"west": {"uv": [11.25, 1.75, 11.5, 2.25], "texture": "#0"},
				"up": {"uv": [11.25, 1.75, 11.5, 2.25], "texture": "#0"},
				"down": {"uv": [11.25, 1.75, 11.5, 2.25], "texture": "#0"}
			}
		},
		{
			"name": "hexadecagon",
			"from": [6.51219, 28.95, 2.42155],
			"to": [8.70023, 29.05, 3.42155],
			"rotation": {"angle": 22.5, "axis": "y", "origin": [8.0003, 21.95562, 6.97091]},
			"faces": {
				"north": {"uv": [11.25, 1.75, 11.5, 2.25], "texture": "#0"},
				"east": {"uv": [11.25, 1.75, 11.5, 2.25], "texture": "#0"},
				"south": {"uv": [11.25, 1.75, 11.5, 2.25], "texture": "#0"},
				"west": {"uv": [11.25, 1.75, 11.5, 2.25], "texture": "#0"},
				"up": {"uv": [11.25, 1.75, 11.5, 2.25], "texture": "#0"},
				"down": {"uv": [11.25, 1.75, 11.5, 2.25], "texture": "#0"}
			}
		},
		{
			"name": "hexadecagon",
			"from": [6.17839, 28.95, 2.19838],
			"to": [8.36643, 29.05, 3.19838],
			"rotation": {"angle": 45, "axis": "y", "origin": [8.0003, 21.95562, 6.97091]},
			"faces": {
				"north": {"uv": [11.25, 1.75, 11.5, 2.25], "texture": "#0"},
				"east": {"uv": [11.25, 1.75, 11.5, 2.25], "texture": "#0"},
				"south": {"uv": [11.25, 1.75, 11.5, 2.25], "texture": "#0"},
				"west": {"uv": [11.25, 1.75, 11.5, 2.25], "texture": "#0"},
				"up": {"uv": [11.25, 1.75, 11.5, 2.25], "texture": "#0"},
				"down": {"uv": [11.25, 1.75, 11.5, 2.25], "texture": "#0"}
			}
		},
		{
			"name": "hexadecagon",
			"from": [7.63374, 28.95, 12.1988],
			"to": [9.82178, 29.05, 13.1988],
			"rotation": {"angle": -45, "axis": "y", "origin": [8.0003, 21.95562, 6.97091]},
			"faces": {
				"north": {"uv": [11.25, 1.75, 11.5, 2.25], "texture": "#0"},
				"east": {"uv": [11.25, 1.75, 11.5, 2.25], "texture": "#0"},
				"south": {"uv": [11.25, 1.75, 11.5, 2.25], "texture": "#0"},
				"west": {"uv": [11.25, 1.75, 11.5, 2.25], "texture": "#0"},
				"up": {"uv": [11.25, 1.75, 11.5, 2.25], "texture": "#0"},
				"down": {"uv": [11.25, 1.75, 11.5, 2.25], "texture": "#0"}
			}
		},
		{
			"name": "hexadecagon",
			"from": [7.29982, 28.95, 12.42178],
			"to": [9.48786, 29.05, 13.42178],
			"rotation": {"angle": -22.5, "axis": "y", "origin": [8.0003, 21.95562, 6.97091]},
			"faces": {
				"north": {"uv": [11.25, 1.75, 11.5, 2.25], "texture": "#0"},
				"east": {"uv": [11.25, 1.75, 11.5, 2.25], "texture": "#0"},
				"south": {"uv": [11.25, 1.75, 11.5, 2.25], "texture": "#0"},
				"west": {"uv": [11.25, 1.75, 11.5, 2.25], "texture": "#0"},
				"up": {"uv": [11.25, 1.75, 11.5, 2.25], "texture": "#0"},
				"down": {"uv": [11.25, 1.75, 11.5, 2.25], "texture": "#0"}
			}
		},
		{
			"name": "hexadecagon",
			"from": [6.90598, 28.95, 12.5],
			"to": [9.09402, 29.05, 13.5],
			"rotation": {"angle": 0, "axis": "y", "origin": [8.0003, 21.95562, 6.97091]},
			"faces": {
				"north": {"uv": [11.25, 1.75, 11.5, 2.25], "texture": "#0"},
				"east": {"uv": [11.25, 1.75, 11.5, 2.25], "texture": "#0"},
				"south": {"uv": [11.25, 1.75, 11.5, 2.25], "texture": "#0"},
				"west": {"uv": [11.25, 1.75, 11.5, 2.25], "texture": "#0"},
				"up": {"uv": [11.25, 1.75, 11.5, 2.25], "texture": "#0"},
				"down": {"uv": [11.25, 1.75, 11.5, 2.25], "texture": "#0"}
			}
		},
		{
			"name": "hexadecagon",
			"from": [6.51219, 28.95, 12.42155],
			"to": [8.70023, 29.05, 13.42155],
			"rotation": {"angle": 22.5, "axis": "y", "origin": [8.0003, 21.95562, 6.97091]},
			"faces": {
				"north": {"uv": [11.25, 1.75, 11.5, 2.25], "texture": "#0"},
				"east": {"uv": [11.25, 1.75, 11.5, 2.25], "texture": "#0"},
				"south": {"uv": [11.25, 1.75, 11.5, 2.25], "texture": "#0"},
				"west": {"uv": [11.25, 1.75, 11.5, 2.25], "texture": "#0"},
				"up": {"uv": [11.25, 1.75, 11.5, 2.25], "texture": "#0"},
				"down": {"uv": [11.25, 1.75, 11.5, 2.25], "texture": "#0"}
			}
		},
		{
			"name": "hexadecagon",
			"from": [6.17839, 28.95, 12.19838],
			"to": [8.36643, 29.05, 13.19838],
			"rotation": {"angle": 45, "axis": "y", "origin": [8.0003, 21.95562, 6.97091]},
			"faces": {
				"north": {"uv": [11.25, 1.75, 11.5, 2.25], "texture": "#0"},
				"east": {"uv": [11.25, 1.75, 11.5, 2.25], "texture": "#0"},
				"south": {"uv": [11.25, 1.75, 11.5, 2.25], "texture": "#0"},
				"west": {"uv": [11.25, 1.75, 11.5, 2.25], "texture": "#0"},
				"up": {"uv": [11.25, 1.75, 11.5, 2.25], "texture": "#0"},
				"down": {"uv": [11.25, 1.75, 11.5, 2.25], "texture": "#0"}
			}
		},
		{
			"name": "hexadecagon",
			"from": [2.89384, 28.95, 6.82776],
			"to": [3.89384, 29.05, 9.0158],
			"rotation": {"angle": -22.5, "axis": "y", "origin": [8.0003, 21.95562, 6.97091]},
			"faces": {
				"north": {"uv": [11.25, 1.75, 11.5, 2.25], "texture": "#0"},
				"east": {"uv": [11.25, 1.75, 11.5, 2.25], "texture": "#0"},
				"south": {"uv": [11.25, 1.75, 11.5, 2.25], "texture": "#0"},
				"west": {"uv": [11.25, 1.75, 11.5, 2.25], "texture": "#0"},
				"up": {"uv": [11.25, 1.75, 11.5, 2.25], "texture": "#0"},
				"down": {"uv": [11.25, 1.75, 11.5, 2.25], "texture": "#0"}
			}
		},
		{
			"name": "hexadecagon",
			"from": [2.5, 28.95, 6.90598],
			"to": [3.5, 29.05, 9.09402],
			"rotation": {"angle": 0, "axis": "y", "origin": [8.0003, 21.95562, 6.97091]},
			"faces": {
				"north": {"uv": [11.25, 1.75, 11.5, 2.25], "texture": "#0"},
				"east": {"uv": [11.25, 1.75, 11.5, 2.25], "texture": "#0"},
				"south": {"uv": [11.25, 1.75, 11.5, 2.25], "texture": "#0"},
				"west": {"uv": [11.25, 1.75, 11.5, 2.25], "texture": "#0"},
				"up": {"uv": [11.25, 1.75, 11.5, 2.25], "texture": "#0"},
				"down": {"uv": [11.25, 1.75, 11.5, 2.25], "texture": "#0"}
			}
		},
		{
			"name": "hexadecagon",
			"from": [2.10621, 28.95, 6.82753],
			"to": [3.10621, 29.05, 9.01557],
			"rotation": {"angle": 22.5, "axis": "y", "origin": [8.0003, 21.95562, 6.97091]},
			"faces": {
				"north": {"uv": [11.25, 1.75, 11.5, 2.25], "texture": "#0"},
				"east": {"uv": [11.25, 1.75, 11.5, 2.25], "texture": "#0"},
				"south": {"uv": [11.25, 1.75, 11.5, 2.25], "texture": "#0"},
				"west": {"uv": [11.25, 1.75, 11.5, 2.25], "texture": "#0"},
				"up": {"uv": [11.25, 1.75, 11.5, 2.25], "texture": "#0"},
				"down": {"uv": [11.25, 1.75, 11.5, 2.25], "texture": "#0"}
			}
		},
		{
			"name": "hexadecagon",
			"from": [12.89384, 28.95, 6.82776],
			"to": [13.89384, 29.05, 9.0158],
			"rotation": {"angle": -22.5, "axis": "y", "origin": [8.0003, 21.95562, 6.97091]},
			"faces": {
				"north": {"uv": [11.25, 1.75, 11.5, 2.25], "texture": "#0"},
				"east": {"uv": [11.25, 1.75, 11.5, 2.25], "texture": "#0"},
				"south": {"uv": [11.25, 1.75, 11.5, 2.25], "texture": "#0"},
				"west": {"uv": [11.25, 1.75, 11.5, 2.25], "texture": "#0"},
				"up": {"uv": [11.25, 1.75, 11.5, 2.25], "texture": "#0"},
				"down": {"uv": [11.25, 1.75, 11.5, 2.25], "texture": "#0"}
			}
		},
		{
			"name": "hexadecagon",
			"from": [12.5, 28.95, 6.90598],
			"to": [13.5, 29.05, 9.09402],
			"rotation": {"angle": 0, "axis": "y", "origin": [8.0003, 21.95562, 6.97091]},
			"faces": {
				"north": {"uv": [11.25, 1.75, 11.5, 2.25], "texture": "#0"},
				"east": {"uv": [11.25, 1.75, 11.5, 2.25], "texture": "#0"},
				"south": {"uv": [11.25, 1.75, 11.5, 2.25], "texture": "#0"},
				"west": {"uv": [11.25, 1.75, 11.5, 2.25], "texture": "#0"},
				"up": {"uv": [11.25, 1.75, 11.5, 2.25], "texture": "#0"},
				"down": {"uv": [11.25, 1.75, 11.5, 2.25], "texture": "#0"}
			}
		},
		{
			"name": "hexadecagon",
			"from": [12.10621, 28.95, 6.82753],
			"to": [13.10621, 29.05, 9.01557],
			"rotation": {"angle": 22.5, "axis": "y", "origin": [8.0003, 21.95562, 6.97091]},
			"faces": {
				"north": {"uv": [11.25, 1.75, 11.5, 2.25], "texture": "#0"},
				"east": {"uv": [11.25, 1.75, 11.5, 2.25], "texture": "#0"},
				"south": {"uv": [11.25, 1.75, 11.5, 2.25], "texture": "#0"},
				"west": {"uv": [11.25, 1.75, 11.5, 2.25], "texture": "#0"},
				"up": {"uv": [11.25, 1.75, 11.5, 2.25], "texture": "#0"},
				"down": {"uv": [11.25, 1.75, 11.5, 2.25], "texture": "#0"}
			}
		}
	],
	"display": {
		"thirdperson_righthand": {
			"rotation": [70.25, 0, 0],
			"translation": [0, 3.25, 4.5],
			"scale": [0.4, 0.4, 0.4]
		},
		"thirdperson_lefthand": {
			"rotation": [70.25, 0, 0],
			"translation": [0, 3.25, 4.5],
			"scale": [0.4, 0.4, 0.4]
		},
		"firstperson_righthand": {
			"translation": [0, -1.75, 0],
			"scale": [0.6, 0.6, 0.6]
		},
		"firstperson_lefthand": {
			"translation": [0, -1.75, 0],
			"scale": [0.6, 0.6, 0.6]
		},
		"ground": {
			"translation": [0, 4, 0],
			"scale": [0.6, 0.6, 0.6]
		},
		"gui": {
			"rotation": [14.75, 151, 8.75],
			"translation": [0, -1.75, 0],
			"scale": [0.6, 0.6, 0.6]
		},
		"head": {
			"rotation": [-10.5, -27.25, 0],
			"translation": [-25.25, 4.25, 0],
			"scale": [0.9, 0.9, 0.9]
		}
	},
	"groups": [
		{
			"name": "alex",
			"origin": [8, 8, 8],
			"children": [0, 1, 2, 3, 4, 5, 6, 7, 8, 9, 10, 11, 12, 13, 14, 15, 16]
		},
		{
			"name": "hexadecagon",
			"origin": [8, 8, 8],
			"children": [17, 18, 19, 20, 21, 22, 23, 24, 25, 26, 27, 28, 29, 30, 31, 32, 33, 34, 35, 36, 37, 38, 39, 40, 41]
		}
	]
}