{
	"credit": "Made with Blockbench",
	"texture_size": [32, 32],
	"textures": {
		"0": "./protecter_fist",
		"1": "./circle",
		"particle": "./protecter_fist"
	},
	"elements": [
		{
			"from": [5, 12, 5],
			"to": [11, 13, 11],
			"rotation": {"angle": 0, "axis": "y", "origin": [8, 12.5, 8]},
			"faces": {
				"north": {"uv": [0, 0, 4, 4], "texture": "#0"},
				"east": {"uv": [0, 0, 4, 4], "texture": "#0"},
				"south": {"uv": [0, 0, 4, 4], "texture": "#0"},
				"west": {"uv": [0, 0, 4, 4], "texture": "#0"},
				"up": {"uv": [0, 0, 4, 4], "texture": "#0"},
				"down": {"uv": [0, 0, 4, 4], "texture": "#0"}
			}
		},
		{
			"from": [-5, 11.75, -6],
			"to": [21, 11.75, 21],
			"rotation": {"angle": 0, "axis": "y", "origin": [8, 12.5, 8]},
			"faces": {
				"north": {"uv": [0, 0, 11, 0], "texture": "#0"},
				"east": {"uv": [0, 0, 11, 0], "texture": "#0"},
				"south": {"uv": [0, 0, 11, 0], "texture": "#0"},
				"west": {"uv": [0, 0, 11, 0], "texture": "#0"},
				"up": {"uv": [0, 0, 15.5, 15.5], "texture": "#1"},
				"down": {"uv": [0, 15.5, 15.5, 0], "texture": "#1"}
			}
		},
		{
			"from": [5.5, 13, 12.25],
			"to": [10.5, 16, 12.75],
			"rotation": {"angle": 0, "axis": "y", "origin": [8, 14.5, 12.5]},
			"faces": {
				"north": {"uv": [4, 8, 8, 12], "texture": "#0"},
				"east": {"uv": [4, 8, 8, 12], "texture": "#0"},
				"south": {"uv": [4, 8, 8, 12], "texture": "#0"},
				"west": {"uv": [4, 8, 8, 12], "texture": "#0"},
				"up": {"uv": [4, 8, 8, 12], "texture": "#0"},
				"down": {"uv": [4, 8, 8, 12], "texture": "#0"}
			}
		},
		{
			"from": [5.5, 12.25, 3.25],
			"to": [10.5, 14.25, 3.75],
			"rotation": {"angle": 0, "axis": "y", "origin": [8, 13.75, 3.5]},
			"faces": {
				"north": {"uv": [4, 8, 8, 12], "texture": "#0"},
				"east": {"uv": [4, 8, 8, 12], "texture": "#0"},
				"south": {"uv": [4, 8, 8, 12], "texture": "#0"},
				"west": {"uv": [4, 8, 8, 12], "texture": "#0"},
				"up": {"uv": [4, 8, 8, 12], "texture": "#0"},
				"down": {"uv": [4, 8, 8, 12], "texture": "#0"}
			}
		},
		{
			"from": [5.5, 18, 11.25],
			"to": [10.5, 21, 11.75],
			"rotation": {"angle": 0, "axis": "y", "origin": [8, 19.5, 11.5]},
			"faces": {
				"north": {"uv": [4, 8, 8, 12], "texture": "#0"},
				"east": {"uv": [4, 8, 8, 12], "texture": "#0"},
				"south": {"uv": [4, 8, 8, 12], "texture": "#0"},
				"west": {"uv": [4, 8, 8, 12], "texture": "#0"},
				"up": {"uv": [4, 8, 8, 12], "texture": "#0"},
				"down": {"uv": [4, 8, 8, 12], "texture": "#0"}
			}
		},
		{
			"from": [10.32821, 13, 11.88635],
			"to": [12.32821, 16, 12.38635],
			"rotation": {"angle": 22.5, "axis": "y", "origin": [11.32821, 14.5, 12.13635]},
			"faces": {
				"north": {"uv": [4, 8, 8, 12], "texture": "#0"},
				"east": {"uv": [4, 8, 8, 12], "texture": "#0"},
				"south": {"uv": [4, 8, 8, 12], "texture": "#0"},
				"west": {"uv": [4, 8, 8, 12], "texture": "#0"},
				"up": {"uv": [4, 8, 8, 12], "texture": "#0"},
				"down": {"uv": [4, 8, 8, 12], "texture": "#0"}
			}
		},
		{
			"from": [3.67179, 12.25, 3.61365],
			"to": [5.67179, 14.25, 4.11365],
			"rotation": {"angle": 22.5, "axis": "y", "origin": [4.67179, 13.75, 3.86365]},
			"faces": {
				"north": {"uv": [4, 8, 8, 12], "texture": "#0"},
				"east": {"uv": [4, 8, 8, 12], "texture": "#0"},
				"south": {"uv": [4, 8, 8, 12], "texture": "#0"},
				"west": {"uv": [4, 8, 8, 12], "texture": "#0"},
				"up": {"uv": [4, 8, 8, 12], "texture": "#0"},
				"down": {"uv": [4, 8, 8, 12], "texture": "#0"}
			}
		},
		{
			"from": [10.32821, 18, 10.88635],
			"to": [12.32821, 21, 11.38635],
			"rotation": {"angle": 22.5, "axis": "y", "origin": [11.32821, 19.5, 11.13635]},
			"faces": {
				"north": {"uv": [4, 8, 8, 12], "texture": "#0"},
				"east": {"uv": [4, 8, 8, 12], "texture": "#0"},
				"south": {"uv": [4, 8, 8, 12], "texture": "#0"},
				"west": {"uv": [4, 8, 8, 12], "texture": "#0"},
				"up": {"uv": [4, 8, 8, 12], "texture": "#0"},
				"down": {"uv": [4, 8, 8, 12], "texture": "#0"}
			}
		},
		{
			"from": [3.67179, 13, 11.88635],
			"to": [5.67179, 16, 12.38635],
			"rotation": {"angle": -22.5, "axis": "y", "origin": [4.67179, 14.5, 12.13635]},
			"faces": {
				"north": {"uv": [4, 8, 8, 12], "texture": "#0"},
				"east": {"uv": [4, 8, 8, 12], "texture": "#0"},
				"south": {"uv": [4, 8, 8, 12], "texture": "#0"},
				"west": {"uv": [4, 8, 8, 12], "texture": "#0"},
				"up": {"uv": [4, 8, 8, 12], "texture": "#0"},
				"down": {"uv": [4, 8, 8, 12], "texture": "#0"}
			}
		},
		{
			"from": [10.32821, 12.25, 3.61365],
			"to": [12.32821, 14.25, 4.11365],
			"rotation": {"angle": -22.5, "axis": "y", "origin": [11.32821, 13.75, 3.86365]},
			"faces": {
				"north": {"uv": [4, 8, 8, 12], "texture": "#0"},
				"east": {"uv": [4, 8, 8, 12], "texture": "#0"},
				"south": {"uv": [4, 8, 8, 12], "texture": "#0"},
				"west": {"uv": [4, 8, 8, 12], "texture": "#0"},
				"up": {"uv": [4, 8, 8, 12], "texture": "#0"},
				"down": {"uv": [4, 8, 8, 12], "texture": "#0"}
			}
		},
		{
			"from": [3.67179, 18, 10.88635],
			"to": [5.67179, 21, 11.38635],
			"rotation": {"angle": -22.5, "axis": "y", "origin": [4.67179, 19.5, 11.13635]},
			"faces": {
				"north": {"uv": [4, 8, 8, 12], "texture": "#0"},
				"east": {"uv": [4, 8, 8, 12], "texture": "#0"},
				"south": {"uv": [4, 8, 8, 12], "texture": "#0"},
				"west": {"uv": [4, 8, 8, 12], "texture": "#0"},
				"up": {"uv": [4, 8, 8, 12], "texture": "#0"},
				"down": {"uv": [4, 8, 8, 12], "texture": "#0"}
			}
		},
		{
			"from": [3.98045, 19, 11.34829],
			"to": [4.98045, 20, 11.84829],
			"rotation": {"angle": -22.5, "axis": "y", "origin": [4.48045, 19.5, 11.59829]},
			"faces": {
				"north": {"uv": [0, 12, 4, 16], "texture": "#0"},
				"east": {"uv": [0, 12, 4, 16], "texture": "#0"},
				"south": {"uv": [0, 12, 4, 16], "texture": "#0"},
				"west": {"uv": [0, 12, 4, 16], "texture": "#0"},
				"up": {"uv": [0, 12, 4, 16], "texture": "#0"},
				"down": {"uv": [0, 12, 4, 16], "texture": "#0"}
			}
		},
		{
			"from": [11.01955, 19, 11.34829],
			"to": [12.01955, 20, 11.84829],
			"rotation": {"angle": 22.5, "axis": "y", "origin": [11.51955, 19.5, 11.59829]},
			"faces": {
				"north": {"uv": [0, 12, 4, 16], "texture": "#0"},
				"east": {"uv": [0, 12, 4, 16], "texture": "#0"},
				"south": {"uv": [0, 12, 4, 16], "texture": "#0"},
				"west": {"uv": [0, 12, 4, 16], "texture": "#0"},
				"up": {"uv": [0, 12, 4, 16], "texture": "#0"},
				"down": {"uv": [0, 12, 4, 16], "texture": "#0"}
			}
		},
		{
			"from": [4.18198, 12, 9.81802],
			"to": [6.18198, 18, 11.81802],
			"rotation": {"angle": 45, "axis": "y", "origin": [5.18198, 15, 10.81802]},
			"faces": {
				"north": {"uv": [0, 0, 4, 4], "texture": "#0"},
				"east": {"uv": [0, 0, 4, 4], "texture": "#0"},
				"south": {"uv": [0, 0, 4, 4], "texture": "#0"},
				"west": {"uv": [0, 0, 4, 4], "texture": "#0"},
				"up": {"uv": [0, 0, 4, 4], "texture": "#0"},
				"down": {"uv": [0, 0, 4, 4], "texture": "#0"}
			}
		},
		{
			"from": [9.08883, 12, 4.16117],
			"to": [11.08883, 17, 6.16117],
			"rotation": {"angle": 45, "axis": "y", "origin": [10.83883, 15, 5.16117]},
			"faces": {
				"north": {"uv": [0, 0, 4, 4], "texture": "#0"},
				"east": {"uv": [0, 0, 4, 4], "texture": "#0"},
				"south": {"uv": [0, 0, 4, 4], "texture": "#0"},
				"west": {"uv": [0, 0, 4, 4], "texture": "#0"},
				"up": {"uv": [0, 0, 4, 4], "texture": "#0"},
				"down": {"uv": [0, 0, 4, 4], "texture": "#0"}
			}
		},
		{
			"from": [4.18196, 12, 4.91118],
			"to": [6.18196, 17, 6.91118],
			"rotation": {"angle": 45, "axis": "y", "origin": [5.18196, 15, 5.16118]},
			"faces": {
				"north": {"uv": [0, 0, 4, 4], "texture": "#0"},
				"east": {"uv": [0, 0, 4, 4], "texture": "#0"},
				"south": {"uv": [0, 0, 4, 4], "texture": "#0"},
				"west": {"uv": [0, 0, 4, 4], "texture": "#0"},
				"up": {"uv": [0, 0, 4, 4], "texture": "#0"},
				"down": {"uv": [0, 0, 4, 4], "texture": "#0"}
			}
		},
		{
			"from": [9.83883, 12, 9.81802],
			"to": [11.83883, 18, 11.81802],
			"rotation": {"angle": 45, "axis": "y", "origin": [10.83883, 15, 10.81802]},
			"faces": {
				"north": {"uv": [0, 0, 4, 4], "texture": "#0"},
				"east": {"uv": [0, 0, 4, 4], "texture": "#0"},
				"south": {"uv": [0, 0, 4, 4], "texture": "#0"},
				"west": {"uv": [0, 0, 4, 4], "texture": "#0"},
				"up": {"uv": [0, 0, 4, 4], "texture": "#0"},
				"down": {"uv": [0, 0, 4, 4], "texture": "#0"}
			}
		},
		{
			"from": [5, 15, 5],
			"to": [11, 18, 11],
			"rotation": {"angle": 0, "axis": "y", "origin": [8, 12.5, 8]},
			"faces": {
				"north": {"uv": [4, 0, 7.5, 4], "texture": "#0"},
				"east": {"uv": [4, 0, 7.5, 4], "texture": "#0"},
				"south": {"uv": [4, 0, 7.5, 4], "texture": "#0"},
				"west": {"uv": [4, 0, 7.5, 4], "texture": "#0"},
				"up": {"uv": [4, 0, 7.5, 4], "texture": "#0"},
				"down": {"uv": [4, 0, 7.5, 4], "texture": "#0"}
			}
		},
		{
			"from": [5, 18, 6],
			"to": [11, 21, 10],
			"rotation": {"angle": 0, "axis": "y", "origin": [8, 12.5, 8]},
			"faces": {
				"north": {"uv": [4, 0, 7.5, 4], "texture": "#0"},
				"east": {"uv": [4, 0, 7.5, 4], "texture": "#0"},
				"south": {"uv": [4, 0, 7.5, 4], "texture": "#0"},
				"west": {"uv": [4, 0, 7.5, 4], "texture": "#0"},
				"up": {"uv": [4, 0, 7.5, 4], "texture": "#0"},
				"down": {"uv": [4, 0, 7.5, 4], "texture": "#0"}
			}
		},
		{
			"from": [5, 20.25627, 5.76101],
			"to": [11, 24.08127, 9.58601],
			"rotation": {"angle": -22.5, "axis": "x", "origin": [8, 21.66877, 7.92351]},
			"faces": {
				"north": {"uv": [4, 4, 7.5, 8], "texture": "#0"},
				"east": {"uv": [4, 4, 7.5, 8], "texture": "#0"},
				"south": {"uv": [4, 4, 7.5, 8], "texture": "#0"},
				"west": {"uv": [4, 4, 7.5, 8], "texture": "#0"},
				"up": {"uv": [4, 4, 7.5, 8], "texture": "#0"},
				"down": {"uv": [4, 4, 7.5, 8], "texture": "#0"}
			}
		},
		{
			"from": [4.75, 20.25627, 5.51101],
			"to": [6, 24.33127, 9.83601],
			"rotation": {"angle": -22.5, "axis": "x", "origin": [8, 21.66877, 7.92351]},
			"faces": {
				"north": {"uv": [0, 8, 3.5, 12], "texture": "#0"},
				"east": {"uv": [0, 8, 3.5, 12], "texture": "#0"},
				"south": {"uv": [0, 8, 3.5, 12], "texture": "#0"},
				"west": {"uv": [0, 8, 3.5, 12], "texture": "#0"},
				"up": {"uv": [0, 8, 3.5, 12], "texture": "#0"},
				"down": {"uv": [0, 8, 3.5, 12], "texture": "#0"}
			}
		},
		{
			"from": [5, 23.28497, 9.8303],
			"to": [5.75, 24.10997, 10.1553],
			"rotation": {"angle": -22.5, "axis": "x", "origin": [8, 21.69747, 7.9928]},
			"faces": {
				"north": {"uv": [0, 12, 4, 16], "texture": "#0"},
				"east": {"uv": [0, 12, 4, 16], "texture": "#0"},
				"south": {"uv": [0, 12, 4, 16], "texture": "#0"},
				"west": {"uv": [0, 12, 4, 16], "texture": "#0"},
				"up": {"uv": [0, 12, 4, 16], "texture": "#0"},
				"down": {"uv": [0, 12, 4, 16], "texture": "#0"}
			}
		},
		{
			"from": [6.75, 23.28497, 9.8303],
			"to": [7.5, 24.10997, 10.1553],
			"rotation": {"angle": -22.5, "axis": "x", "origin": [8, 21.69747, 7.9928]},
			"faces": {
				"north": {"uv": [0, 12, 4, 16], "texture": "#0"},
				"east": {"uv": [0, 12, 4, 16], "texture": "#0"},
				"south": {"uv": [0, 12, 4, 16], "texture": "#0"},
				"west": {"uv": [0, 12, 4, 16], "texture": "#0"},
				"up": {"uv": [0, 12, 4, 16], "texture": "#0"},
				"down": {"uv": [0, 12, 4, 16], "texture": "#0"}
			}
		},
		{
			"from": [8.5, 23.28497, 9.8303],
			"to": [9.25, 24.10997, 10.1553],
			"rotation": {"angle": -22.5, "axis": "x", "origin": [8, 21.69747, 7.9928]},
			"faces": {
				"north": {"uv": [0, 12, 4, 16], "texture": "#0"},
				"east": {"uv": [0, 12, 4, 16], "texture": "#0"},
				"south": {"uv": [0, 12, 4, 16], "texture": "#0"},
				"west": {"uv": [0, 12, 4, 16], "texture": "#0"},
				"up": {"uv": [0, 12, 4, 16], "texture": "#0"},
				"down": {"uv": [0, 12, 4, 16], "texture": "#0"}
			}
		},
		{
			"from": [10.25, 23.28497, 9.8303],
			"to": [11, 24.10997, 10.1553],
			"rotation": {"angle": -22.5, "axis": "x", "origin": [8, 21.69747, 7.9928]},
			"faces": {
				"north": {"uv": [0, 12, 4, 16], "texture": "#0"},
				"east": {"uv": [0, 12, 4, 16], "texture": "#0"},
				"south": {"uv": [0, 12, 4, 16], "texture": "#0"},
				"west": {"uv": [0, 12, 4, 16], "texture": "#0"},
				"up": {"uv": [0, 12, 4, 16], "texture": "#0"},
				"down": {"uv": [0, 12, 4, 16], "texture": "#0"}
			}
		},
		{
			"from": [4.3375, 19.41877, 5.01101],
			"to": [8.4125, 20.66877, 9.33601],
			"rotation": {"angle": 0, "axis": "z", "origin": [8, 21.66877, 7.92351]},
			"faces": {
				"north": {"uv": [0, 8, 3.5, 12], "texture": "#0"},
				"east": {"uv": [0, 8, 3.5, 12], "texture": "#0"},
				"south": {"uv": [0, 8, 3.5, 12], "texture": "#0"},
				"west": {"uv": [0, 8, 3.5, 12], "texture": "#0"},
				"up": {"uv": [0, 8, 3.5, 12], "texture": "#0"},
				"down": {"uv": [0, 8, 3.5, 12], "texture": "#0"}
			}
		},
		{
			"from": [10, 20.25627, 5.51101],
			"to": [11.25, 24.33127, 9.83601],
			"rotation": {"angle": -22.5, "axis": "x", "origin": [8, 21.66877, 7.92351]},
			"faces": {
				"north": {"uv": [0, 8, 3.5, 12], "texture": "#0"},
				"east": {"uv": [0, 8, 3.5, 12], "texture": "#0"},
				"south": {"uv": [0, 8, 3.5, 12], "texture": "#0"},
				"west": {"uv": [0, 8, 3.5, 12], "texture": "#0"},
				"up": {"uv": [0, 8, 3.5, 12], "texture": "#0"},
				"down": {"uv": [0, 8, 3.5, 12], "texture": "#0"}
			}
		},
		{
			"from": [6.5, 20.25627, 5.51101],
			"to": [7.75, 24.33127, 9.83601],
			"rotation": {"angle": -22.5, "axis": "x", "origin": [8, 21.66877, 7.92351]},
			"faces": {
				"north": {"uv": [0, 8, 3.5, 12], "texture": "#0"},
				"east": {"uv": [0, 8, 3.5, 12], "texture": "#0"},
				"south": {"uv": [0, 8, 3.5, 12], "texture": "#0"},
				"west": {"uv": [0, 8, 3.5, 12], "texture": "#0"},
				"up": {"uv": [0, 8, 3.5, 12], "texture": "#0"},
				"down": {"uv": [0, 8, 3.5, 12], "texture": "#0"}
			}
		},
		{
			"from": [8.25, 20.25627, 5.51101],
			"to": [9.5, 24.33127, 9.83601],
			"rotation": {"angle": -22.5, "axis": "x", "origin": [8, 21.66877, 7.92351]},
			"faces": {
				"north": {"uv": [0, 8, 3.5, 12], "texture": "#0"},
				"east": {"uv": [0, 8, 3.5, 12], "texture": "#0"},
				"south": {"uv": [0, 8, 3.5, 12], "texture": "#0"},
				"west": {"uv": [0, 8, 3.5, 12], "texture": "#0"},
				"up": {"uv": [0, 8, 3.5, 12], "texture": "#0"},
				"down": {"uv": [0, 8, 3.5, 12], "texture": "#0"}
			}
		},
		{
			"from": [6, 18, 10],
			"to": [10, 21, 11.25],
			"rotation": {"angle": 0, "axis": "y", "origin": [8, 12.5, 8]},
			"faces": {
				"north": {"uv": [4, 8, 7.5, 12], "texture": "#0"},
				"east": {"uv": [4, 8, 7.5, 12], "texture": "#0"},
				"south": {"uv": [4, 8, 7.5, 12], "texture": "#0"},
				"west": {"uv": [4, 8, 7.5, 12], "texture": "#0"},
				"up": {"uv": [4, 8, 7.5, 12], "texture": "#0"},
				"down": {"uv": [4, 8, 7.5, 12], "texture": "#0"}
			}
		}
	],
	"display": {
		"thirdperson_righthand": {
			"rotation": [-86.75, 0, 0],
			"translation": [0, -2.25, 9]
		},
		"thirdperson_lefthand": {
			"rotation": [-86.75, 0, 0],
			"translation": [0, -2.25, 9]
		},
		"firstperson_righthand": {
			"rotation": [-47.75, 0, 0],
			"translation": [0, -2.75, 0],
			"scale": [0.6, 0.6, 0.6]
		},
		"firstperson_lefthand": {
			"rotation": [-47.75, 0, 0],
			"translation": [0, -2.75, 0],
			"scale": [0.6, 0.6, 0.6]
		},
		"ground": {
			"translation": [0, -6.5, 0]
		},
		"gui": {
			"rotation": [27.25, 27, 0],
			"translation": [0, -7.5, 0],
			"scale": [0.7, 1, 1]
		},
		"head": {
			"rotation": [-96.75, 0, 9.5],
			"translation": [26.75, 3.75, 0],
			"scale": [1.3, 1.3, 1.3]
		},
		"fixed": {
			"rotation": [-20.5, 0, 0],
			"translation": [0, -7.75, 0]
		}
	}
}