{
	"credit": "Made with Blockbench",
	"texture_size": [32, 32],
	"textures": {
		"0": "./magnet_spike",
		"1": "./magnet_spike_e",
		"2": "./magnet_spike_s",
		"3": "./magnet_spike_m",
		"particle": "./magnet_spike"
	},
	"elements": [
		{
			"from": [7, 7, 7],
			"to": [9, 11, 9],
			"rotation": {"angle": 0, "axis": "y", "origin": [8, 9, 8]},
			"faces": {
				"north": {"uv": [4, 12, 8, 16], "texture": "#0"},
				"east": {"uv": [4, 12, 8, 16], "texture": "#0"},
				"south": {"uv": [4, 12, 8, 16], "texture": "#0"},
				"west": {"uv": [4, 12, 8, 16], "texture": "#0"},
				"up": {"uv": [4, 12, 8, 16], "texture": "#0"},
				"down": {"uv": [4, 12, 8, 16], "texture": "#0"}
			}
		},
		{
			"from": [6.9, 6, 5],
			"to": [9.1, 11, 11],
			"rotation": {"angle": 0, "axis": "y", "origin": [8, 9, 8]},
			"faces": {
				"north": {"uv": [10.5, 4, 14.5, 0], "texture": "#0"},
				"east": {"uv": [0.5, 0, 15.5, 8], "rotation": 180, "texture": "#2"},
				"south": {"uv": [10.5, 4, 14.5, 0], "texture": "#0"},
				"west": {"uv": [0.5, 0, 15.5, 8], "rotation": 180, "texture": "#2"},
				"up": {"uv": [10.5, 4, 14.5, 0], "texture": "#0"},
				"down": {"uv": [10.5, 4, 14.5, 0], "texture": "#0"}
			}
		},
		{
			"from": [7.5, 8.25, -8],
			"to": [8.5, 9.25, 24],
			"rotation": {"angle": 0, "axis": "y", "origin": [8, 9, 8]},
			"faces": {
				"north": {"uv": [4, 12, 8, 16], "texture": "#0"},
				"east": {"uv": [8.5, 0, 10, 16], "rotation": 90, "texture": "#0"},
				"south": {"uv": [4, 12, 8, 16], "texture": "#0"},
				"west": {"uv": [8.5, 0, 10, 16], "rotation": 270, "texture": "#0"},
				"up": {"uv": [8.5, 0, 10, 16], "rotation": 180, "texture": "#0"},
				"down": {"uv": [8.5, 0, 10, 16], "texture": "#0"}
			}
		},
		{
			"from": [7, 16, 6],
			"to": [9, 20, 10],
			"rotation": {"angle": 0, "axis": "y", "origin": [8, 17.5, 8]},
			"faces": {
				"north": {"uv": [4, 12, 8, 16], "texture": "#0"},
				"east": {"uv": [4, 12, 8, 16], "texture": "#0"},
				"south": {"uv": [4, 12, 8, 16], "texture": "#0"},
				"west": {"uv": [4, 12, 8, 16], "texture": "#0"},
				"up": {"uv": [4, 12, 8, 16], "texture": "#0"},
				"down": {"uv": [4, 12, 8, 16], "texture": "#0"}
			}
		},
		{
			"from": [10.29429, 17, 7.8097],
			"to": [10.29429, 21, 12.8097],
			"rotation": {"angle": -22.5, "axis": "y", "origin": [10.29429, 19, 10.3097]},
			"faces": {
				"north": {"uv": [10.5, 4, 14.5, 0], "texture": "#0"},
				"east": {"uv": [0, 0, 8, 8], "texture": "#2"},
				"south": {"uv": [10.5, 4, 14.5, 0], "texture": "#0"},
				"west": {"uv": [10.5, 4, 14.5, 0], "texture": "#0"},
				"up": {"uv": [10.5, 4, 14.5, 0], "texture": "#0"},
				"down": {"uv": [10.5, 4, 14.5, 0], "texture": "#0"}
			}
		},
		{
			"from": [9.29429, 15, 7.8097],
			"to": [9.29429, 18, 11.8097],
			"rotation": {"angle": -22.5, "axis": "y", "origin": [9.29429, 17, 10.3097]},
			"faces": {
				"north": {"uv": [10.5, 4, 14.5, 0], "texture": "#0"},
				"east": {"uv": [0, 0, 8, 8], "texture": "#2"},
				"south": {"uv": [10.5, 4, 14.5, 0], "texture": "#0"},
				"west": {"uv": [10.5, 4, 14.5, 0], "texture": "#0"},
				"up": {"uv": [10.5, 4, 14.5, 0], "texture": "#0"},
				"down": {"uv": [10.5, 4, 14.5, 0], "texture": "#0"}
			}
		},
		{
			"from": [6.70571, 15, 7.8097],
			"to": [6.70571, 18, 11.8097],
			"rotation": {"angle": 22.5, "axis": "y", "origin": [6.70571, 17, 10.3097]},
			"faces": {
				"north": {"uv": [14.5, 4, 10.5, 0], "texture": "#0"},
				"east": {"uv": [14.5, 4, 10.5, 0], "texture": "#0"},
				"south": {"uv": [14.5, 4, 10.5, 0], "texture": "#0"},
				"west": {"uv": [8, 0, 0, 8], "texture": "#2"},
				"up": {"uv": [14.5, 4, 10.5, 0], "texture": "#0"},
				"down": {"uv": [14.5, 4, 10.5, 0], "texture": "#0"}
			}
		},
		{
			"from": [5.70571, 17, 7.8097],
			"to": [5.70571, 21, 12.8097],
			"rotation": {"angle": 22.5, "axis": "y", "origin": [5.70571, 19, 10.3097]},
			"faces": {
				"north": {"uv": [14.5, 4, 10.5, 0], "texture": "#0"},
				"east": {"uv": [14.5, 4, 10.5, 0], "texture": "#0"},
				"south": {"uv": [14.5, 4, 10.5, 0], "texture": "#0"},
				"west": {"uv": [8, 0, 0, 8], "texture": "#2"},
				"up": {"uv": [14.5, 4, 10.5, 0], "texture": "#0"},
				"down": {"uv": [14.5, 4, 10.5, 0], "texture": "#0"}
			}
		},
		{
			"from": [11.40232, 17, 3.76575],
			"to": [11.40232, 21, 8.76575],
			"rotation": {"angle": 22.5, "axis": "y", "origin": [9.40232, 18.5, 8.76575]},
			"faces": {
				"north": {"uv": [14.5, 4, 10.5, 0], "texture": "#0"},
				"east": {"uv": [8, 0, 0, 8], "texture": "#2"},
				"south": {"uv": [14.5, 4, 10.5, 0], "texture": "#0"},
				"west": {"uv": [14.5, 4, 10.5, 0], "texture": "#0"},
				"up": {"uv": [10.5, 0, 14.5, 4], "texture": "#0"},
				"down": {"uv": [10.5, 0, 14.5, 4], "texture": "#0"}
			}
		},
		{
			"from": [10.40232, 15, 4.76575],
			"to": [10.40232, 18, 8.76575],
			"rotation": {"angle": 22.5, "axis": "y", "origin": [8.40232, 16.5, 8.76575]},
			"faces": {
				"north": {"uv": [14.5, 4, 10.5, 0], "texture": "#0"},
				"east": {"uv": [8, 0, 0, 8], "texture": "#2"},
				"south": {"uv": [14.5, 4, 10.5, 0], "texture": "#0"},
				"west": {"uv": [14.5, 4, 10.5, 0], "texture": "#0"},
				"up": {"uv": [10.5, 0, 14.5, 4], "texture": "#0"},
				"down": {"uv": [10.5, 0, 14.5, 4], "texture": "#0"}
			}
		},
		{
			"from": [5.59768, 15, 4.76575],
			"to": [5.59768, 18, 8.76575],
			"rotation": {"angle": -22.5, "axis": "y", "origin": [7.59768, 16.5, 8.76575]},
			"faces": {
				"north": {"uv": [10.5, 4, 14.5, 0], "texture": "#0"},
				"east": {"uv": [10.5, 4, 14.5, 0], "texture": "#0"},
				"south": {"uv": [10.5, 4, 14.5, 0], "texture": "#0"},
				"west": {"uv": [0, 0, 8, 8], "texture": "#2"},
				"up": {"uv": [14.5, 0, 10.5, 4], "texture": "#0"},
				"down": {"uv": [14.5, 0, 10.5, 4], "texture": "#0"}
			}
		},
		{
			"from": [4.59768, 17, 3.76575],
			"to": [4.59768, 21, 8.76575],
			"rotation": {"angle": -22.5, "axis": "y", "origin": [6.59768, 18.5, 8.76575]},
			"faces": {
				"north": {"uv": [10.5, 4, 14.5, 0], "texture": "#0"},
				"east": {"uv": [10.5, 4, 14.5, 0], "texture": "#0"},
				"south": {"uv": [10.5, 4, 14.5, 0], "texture": "#0"},
				"west": {"uv": [0, 0, 8, 8], "texture": "#2"},
				"up": {"uv": [14.5, 0, 10.5, 4], "texture": "#0"},
				"down": {"uv": [14.5, 0, 10.5, 4], "texture": "#0"}
			}
		},
		{
			"from": [6, 20, 4],
			"to": [10, 22, 8],
			"rotation": {"angle": 0, "axis": "y", "origin": [8, 21, 8]},
			"faces": {
				"north": {"uv": [4, 12, 8, 16], "texture": "#0"},
				"east": {"uv": [4, 4, 8, 8], "rotation": 90, "texture": "#0"},
				"south": {"uv": [4, 12, 8, 16], "texture": "#0"},
				"west": {"uv": [4, 4, 8, 8], "rotation": 270, "texture": "#0"},
				"up": {"uv": [4, 4, 8, 8], "texture": "#0"},
				"down": {"uv": [4, 4, 8, 8], "rotation": 180, "texture": "#0"}
			}
		},
		{
			"from": [6, 20, 8],
			"to": [10, 22, 12],
			"rotation": {"angle": 0, "axis": "y", "origin": [8, 21, 8]},
			"faces": {
				"north": {"uv": [4, 12, 8, 16], "texture": "#0"},
				"east": {"uv": [4, 4, 8, 8], "rotation": 270, "texture": "#0"},
				"south": {"uv": [4, 12, 8, 16], "texture": "#0"},
				"west": {"uv": [4, 4, 8, 8], "rotation": 90, "texture": "#0"},
				"up": {"uv": [4, 4, 8, 8], "rotation": 180, "texture": "#0"},
				"down": {"uv": [4, 4, 8, 8], "texture": "#0"}
			}
		},
		{
			"from": [5.25, 20, 6],
			"to": [10.75, 22, 10],
			"rotation": {"angle": 0, "axis": "y", "origin": [8, 21, 8]},
			"faces": {
				"north": {"uv": [4, 0, 12, 8], "rotation": 180, "texture": "#2"},
				"east": {"uv": [4, 0, 12, 8], "rotation": 180, "texture": "#2"},
				"south": {"uv": [4, 0, 12, 8], "rotation": 180, "texture": "#2"},
				"west": {"uv": [4, 0, 12, 8], "rotation": 180, "texture": "#2"},
				"up": {"uv": [10.5, 0, 14.5, 4], "texture": "#0"},
				"down": {"uv": [10.5, 0, 14.5, 4], "texture": "#0"}
			}
		},
		{
			"from": [6.25, 22, 4],
			"to": [9.75, 23, 12],
			"rotation": {"angle": 0, "axis": "y", "origin": [8, 21, 8]},
			"faces": {
				"north": {"uv": [10.5, 0, 14.5, 4], "texture": "#0"},
				"east": {"uv": [8, 12, 16, 16], "texture": "#1"},
				"south": {"uv": [10.5, 0, 14.5, 4], "texture": "#0"},
				"west": {"uv": [8, 12, 16, 16], "texture": "#1"},
				"up": {"uv": [10.5, 0, 14.5, 4], "texture": "#0"},
				"down": {"uv": [10.5, 0, 14.5, 4], "texture": "#0"}
			}
		},
		{
			"from": [8, 22, 3],
			"to": [8, 24.75, 13],
			"rotation": {"angle": 0, "axis": "y", "origin": [8, 21, 8]},
			"faces": {
				"north": {"uv": [10.5, 0, 14.5, 4], "texture": "#0"},
				"east": {"uv": [0, 0, 15.5, 4], "texture": "#3"},
				"south": {"uv": [10.5, 0, 14.5, 4], "texture": "#0"},
				"west": {"uv": [15.5, 0, 0, 4], "texture": "#3"},
				"up": {"uv": [10.5, 0, 14.5, 4], "texture": "#0"},
				"down": {"uv": [10.5, 0, 14.5, 4], "texture": "#0"}
			}
		},
		{
			"from": [7, 20.81389, -1.46298],
			"to": [9, 21.81389, 4.03702],
			"rotation": {"angle": -22.5, "axis": "x", "origin": [8, 21.31389, 1.03702]},
			"faces": {
				"north": {"uv": [10.5, 0, 14.5, 4], "texture": "#0"},
				"east": {"uv": [8, 12, 16, 16], "texture": "#1"},
				"south": {"uv": [10.5, 0, 14.5, 4], "texture": "#0"},
				"west": {"uv": [8, 12, 16, 16], "texture": "#1"},
				"up": {"uv": [10.5, 0, 14.5, 4], "texture": "#0"},
				"down": {"uv": [10.5, 0, 14.5, 4], "texture": "#0"}
			}
		},
		{
			"from": [7, 20.81389, 11.96298],
			"to": [9, 21.81389, 17.46298],
			"rotation": {"angle": 22.5, "axis": "x", "origin": [8, 21.31389, 14.96298]},
			"faces": {
				"north": {"uv": [14.5, 0, 10.5, 4], "texture": "#0"},
				"east": {"uv": [16, 12, 8, 16], "texture": "#1"},
				"south": {"uv": [14.5, 0, 10.5, 4], "texture": "#0"},
				"west": {"uv": [16, 12, 8, 16], "texture": "#1"},
				"up": {"uv": [10.5, 4, 14.5, 0], "texture": "#0"},
				"down": {"uv": [10.5, 4, 14.5, 0], "texture": "#0"}
			}
		},
		{
			"from": [8, 20.90031, 11.77854],
			"to": [8, 23.40031, 18.02854],
			"rotation": {"angle": 22.5, "axis": "x", "origin": [8, 22.15031, 14.90354]},
			"faces": {
				"north": {"uv": [14.5, 0, 10.5, 4], "texture": "#0"},
				"east": {"uv": [12, 4, 0, 8], "texture": "#3"},
				"south": {"uv": [14.5, 0, 10.5, 4], "texture": "#0"},
				"west": {"uv": [12, 4, 0, 8], "texture": "#3"},
				"up": {"uv": [10.5, 4, 14.5, 0], "texture": "#0"},
				"down": {"uv": [10.5, 4, 14.5, 0], "texture": "#0"}
			}
		},
		{
			"from": [8, 20.90031, -2.02854],
			"to": [8, 23.40031, 4.22146],
			"rotation": {"angle": -22.5, "axis": "x", "origin": [8, 22.15031, 1.09646]},
			"faces": {
				"north": {"uv": [14.5, 0, 10.5, 4], "texture": "#0"},
				"east": {"uv": [12, 4, 0, 8], "texture": "#3"},
				"south": {"uv": [14.5, 0, 10.5, 4], "texture": "#0"},
				"west": {"uv": [12, 4, 0, 8], "texture": "#3"},
				"up": {"uv": [14.5, 0, 10.5, 4], "texture": "#0"},
				"down": {"uv": [14.5, 0, 10.5, 4], "texture": "#0"}
			}
		},
		{
			"from": [6.75, 18.73673, 11.35089],
			"to": [9.25, 20.73673, 16.35089],
			"rotation": {"angle": 22.5, "axis": "x", "origin": [8, 19.73673, 14.85089]},
			"faces": {
				"north": {"uv": [4, 12, 8, 16], "texture": "#0"},
				"east": {"uv": [4, 4, 8, 8], "rotation": 90, "texture": "#0"},
				"south": {"uv": [4, 12, 8, 16], "texture": "#0"},
				"west": {"uv": [4, 4, 8, 8], "rotation": 270, "texture": "#0"},
				"up": {"uv": [4, 4, 8, 8], "texture": "#0"},
				"down": {"uv": [4, 4, 8, 8], "rotation": 180, "texture": "#0"}
			}
		},
		{
			"from": [6.5, 14.8942, 15.65223],
			"to": [9.5, 19.8942, 17.90223],
			"rotation": {"angle": -22.5, "axis": "x", "origin": [8, 17.3942, 16.65223]},
			"faces": {
				"north": {"uv": [4, 4, 8, 8], "texture": "#0"},
				"east": {"uv": [4, 4, 8, 8], "texture": "#0"},
				"south": {"uv": [4, 4, 8, 8], "texture": "#0"},
				"west": {"uv": [4, 4, 8, 8], "texture": "#0"},
				"up": {"uv": [4, 12, 8, 16], "texture": "#0"},
				"down": {"uv": [4, 12, 8, 16], "texture": "#0"}
			}
		},
		{
			"from": [8, 14.8942, 17.90223],
			"to": [8, 19.8942, 20.15223],
			"rotation": {"angle": -22.5, "axis": "x", "origin": [8, 17.3942, 16.65223]},
			"faces": {
				"north": {"uv": [4, 4, 8, 8], "texture": "#0"},
				"east": {"uv": [8, 8, 0, 12], "rotation": 270, "texture": "#3"},
				"south": {"uv": [4, 4, 8, 8], "texture": "#0"},
				"west": {"uv": [0, 8, 8, 12], "rotation": 90, "texture": "#3"},
				"up": {"uv": [4, 12, 8, 16], "texture": "#0"},
				"down": {"uv": [4, 12, 8, 16], "texture": "#0"}
			}
		},
		{
			"from": [8, 14.8942, -4.15223],
			"to": [8, 19.8942, -1.90223],
			"rotation": {"angle": 22.5, "axis": "x", "origin": [8, 17.3942, -0.65223]},
			"faces": {
				"north": {"uv": [8, 4, 4, 8], "texture": "#0"},
				"east": {"uv": [8, 8, 16, 12], "rotation": 90, "texture": "#3"},
				"south": {"uv": [8, 4, 4, 8], "texture": "#0"},
				"west": {"uv": [16, 8, 8, 12], "rotation": 270, "texture": "#3"},
				"up": {"uv": [4, 16, 8, 12], "texture": "#0"},
				"down": {"uv": [4, 16, 8, 12], "texture": "#0"}
			}
		},
		{
			"from": [6.25, 9.43405, 18.86704],
			"to": [9.75, 16.43405, 21.36704],
			"rotation": {"angle": -45, "axis": "x", "origin": [8, 12.93405, 19.86704]},
			"faces": {
				"north": {"uv": [4, 4, 8, 8], "texture": "#0"},
				"east": {"uv": [4, 4, 8, 8], "texture": "#0"},
				"south": {"uv": [4, 4, 8, 8], "texture": "#0"},
				"west": {"uv": [4, 4, 8, 8], "texture": "#0"},
				"up": {"uv": [4, 12, 8, 16], "texture": "#0"},
				"down": {"uv": [4, 12, 8, 16], "texture": "#0"}
			}
		},
		{
			"from": [8, 9.43405, 21.36704],
			"to": [8, 16.43405, 23.86704],
			"rotation": {"angle": -45, "axis": "x", "origin": [8, 12.93405, 19.86704]},
			"faces": {
				"north": {"uv": [4, 4, 8, 8], "texture": "#0"},
				"east": {"uv": [16, 8, 8, 12], "rotation": 270, "texture": "#3"},
				"south": {"uv": [4, 4, 8, 8], "texture": "#0"},
				"west": {"uv": [8, 8, 16, 12], "rotation": 90, "texture": "#3"},
				"up": {"uv": [4, 12, 8, 16], "texture": "#0"},
				"down": {"uv": [4, 12, 8, 16], "texture": "#0"}
			}
		},
		{
			"from": [8, 9.43405, -7.86704],
			"to": [8, 16.43405, -5.36704],
			"rotation": {"angle": 45, "axis": "x", "origin": [8, 12.93405, -3.86704]},
			"faces": {
				"north": {"uv": [4, 4, 8, 8], "texture": "#0"},
				"east": {"uv": [8, 12, 0, 8], "rotation": 270, "texture": "#3"},
				"south": {"uv": [4, 4, 8, 8], "texture": "#0"},
				"west": {"uv": [0, 12, 8, 8], "rotation": 90, "texture": "#3"},
				"up": {"uv": [8, 16, 4, 12], "texture": "#0"},
				"down": {"uv": [8, 16, 4, 12], "texture": "#0"}
			}
		},
		{
			"from": [6.15, 14.43405, 18.76704],
			"to": [9.85, 18.43405, 21.46704],
			"rotation": {"angle": -45, "axis": "x", "origin": [8, 12.93405, 19.86704]},
			"faces": {
				"north": {"uv": [8, 8, 15, 12], "texture": "#1"},
				"east": {"uv": [12, 12, 8, 16], "texture": "#1"},
				"south": {"uv": [8, 4, 15, 8], "texture": "#1"},
				"west": {"uv": [15, 8, 8, 12], "texture": "#1"},
				"up": {"uv": [8, 4, 15, 8], "texture": "#1"},
				"down": {"uv": [4, 12, 8, 16], "texture": "#0"}
			}
		},
		{
			"from": [6.15, 14.43405, -5.46704],
			"to": [9.85, 18.43405, -2.76704],
			"rotation": {"angle": 45, "axis": "x", "origin": [8, 12.93405, -3.86704]},
			"faces": {
				"north": {"uv": [15, 4, 8, 8], "texture": "#1"},
				"east": {"uv": [8, 12, 12, 16], "texture": "#1"},
				"south": {"uv": [15, 8, 8, 12], "texture": "#1"},
				"west": {"uv": [8, 8, 15, 12], "texture": "#1"},
				"up": {"uv": [8, 8, 15, 4], "texture": "#1"},
				"down": {"uv": [4, 16, 8, 12], "texture": "#0"}
			}
		},
		{
			"from": [6.15, 14.45722, 16.57515],
			"to": [9.85, 18.45722, 19.27515],
			"rotation": {"angle": -22.5, "axis": "x", "origin": [8, 16.45722, 17.92515]},
			"faces": {
				"north": {"uv": [8, 4, 15, 8], "texture": "#1"},
				"east": {"uv": [8, 4, 15, 8], "texture": "#1"},
				"south": {"uv": [16, 12, 8, 16], "texture": "#1"},
				"west": {"uv": [8, 4, 15, 8], "texture": "#1"},
				"up": {"uv": [8, 4, 15, 8], "texture": "#1"},
				"down": {"uv": [4, 12, 8, 16], "texture": "#0"}
			}
		},
		{
			"from": [6.15, 14.45722, -3.27515],
			"to": [9.85, 18.45722, -0.57515],
			"rotation": {"angle": 22.5, "axis": "x", "origin": [8, 16.45722, -1.92515]},
			"faces": {
				"north": {"uv": [8, 12, 16, 16], "texture": "#1"},
				"east": {"uv": [15, 4, 8, 8], "texture": "#1"},
				"south": {"uv": [15, 4, 8, 8], "texture": "#1"},
				"west": {"uv": [15, 4, 8, 8], "texture": "#1"},
				"up": {"uv": [8, 8, 15, 4], "texture": "#1"},
				"down": {"uv": [4, 16, 8, 12], "texture": "#0"}
			}
		},
		{
			"from": [6, 8.71924, 21.82719],
			"to": [10, 11.46924, 26.82719],
			"rotation": {"angle": 22.5, "axis": "x", "origin": [8, 9.71924, 24.32719]},
			"faces": {
				"north": {"uv": [4, 12, 8, 16], "texture": "#0"},
				"east": {"uv": [4, 4, 8, 8], "rotation": 90, "texture": "#0"},
				"south": {"uv": [4, 12, 8, 16], "rotation": 270, "texture": "#0"},
				"west": {"uv": [4, 4, 8, 8], "rotation": 270, "texture": "#0"},
				"up": {"uv": [4, 4, 8, 8], "texture": "#0"},
				"down": {"uv": [4, 4, 8, 8], "rotation": 180, "texture": "#0"}
			}
		},
		{
			"from": [6.5, 8.60036, 19.65435],
			"to": [9.5, 10.60036, 25.65435],
			"rotation": {"angle": 22.5, "axis": "x", "origin": [8, 9.60036, 22.65435]},
			"faces": {
				"north": {"uv": [4, 12, 8, 16], "texture": "#0"},
				"east": {"uv": [4, 12, 8, 16], "texture": "#0"},
				"south": {"uv": [4, 12, 8, 16], "texture": "#0"},
				"west": {"uv": [4, 12, 8, 16], "texture": "#0"},
				"up": {"uv": [4, 12, 8, 16], "texture": "#0"},
				"down": {"uv": [4, 12, 8, 16], "texture": "#0"}
			}
		},
		{
			"from": [6.5, 8.60036, -9.65435],
			"to": [9.5, 10.60036, -3.65435],
			"rotation": {"angle": -22.5, "axis": "x", "origin": [8, 9.60036, -6.65435]},
			"faces": {
				"north": {"uv": [4, 12, 8, 16], "texture": "#0"},
				"east": {"uv": [4, 12, 8, 16], "texture": "#0"},
				"south": {"uv": [4, 12, 8, 16], "texture": "#0"},
				"west": {"uv": [4, 12, 8, 16], "texture": "#0"},
				"up": {"uv": [4, 12, 8, 16], "texture": "#0"},
				"down": {"uv": [4, 12, 8, 16], "texture": "#0"}
			}
		},
		{
			"from": [6.5, 10.05497, -4.65854],
			"to": [9.5, 14.05497, -2.65854],
			"rotation": {"angle": 22.5, "axis": "x", "origin": [8, 12.05497, -3.65854]},
			"faces": {
				"north": {"uv": [4, 12, 8, 16], "texture": "#0"},
				"east": {"uv": [4, 12, 8, 16], "texture": "#0"},
				"south": {"uv": [4, 12, 8, 16], "texture": "#0"},
				"west": {"uv": [4, 12, 8, 16], "texture": "#0"},
				"up": {"uv": [4, 12, 8, 16], "texture": "#0"},
				"down": {"uv": [4, 12, 8, 16], "texture": "#0"}
			}
		},
		{
			"from": [7, 10.55497, -2.65854],
			"to": [9, 13.05497, -2.15854],
			"rotation": {"angle": 22.5, "axis": "x", "origin": [8, 12.05497, -3.65854]},
			"faces": {
				"north": {"uv": [10.5, 10, 11.5, 16], "texture": "#0"},
				"east": {"uv": [10.5, 10, 11.5, 16], "texture": "#0"},
				"south": {"uv": [12, 10, 16, 16], "texture": "#0"},
				"west": {"uv": [10.5, 10, 11.5, 16], "texture": "#0"},
				"up": {"uv": [10.5, 10, 11.5, 16], "texture": "#0"},
				"down": {"uv": [10.5, 10, 11.5, 16], "texture": "#0"}
			}
		},
		{
			"from": [7, 10.55497, 18.15854],
			"to": [9, 13.05497, 18.65854],
			"rotation": {"angle": -22.5, "axis": "x", "origin": [8, 12.05497, 19.65854]},
			"faces": {
				"north": {"uv": [16, 4, 12, 10], "texture": "#0"},
				"east": {"uv": [11.5, 4, 10.5, 10], "texture": "#0"},
				"south": {"uv": [11.5, 4, 10.5, 10], "texture": "#0"},
				"west": {"uv": [11.5, 4, 10.5, 10], "texture": "#0"},
				"up": {"uv": [11.5, 4, 10.5, 10], "texture": "#0"},
				"down": {"uv": [11.5, 4, 10.5, 10], "texture": "#0"}
			}
		},
		{
			"from": [6.5, 10.05497, 18.65854],
			"to": [9.5, 14.05497, 20.65854],
			"rotation": {"angle": -22.5, "axis": "x", "origin": [8, 12.05497, 19.65854]},
			"faces": {
				"north": {"uv": [4, 12, 8, 16], "texture": "#0"},
				"east": {"uv": [4, 12, 8, 16], "texture": "#0"},
				"south": {"uv": [4, 12, 8, 16], "texture": "#0"},
				"west": {"uv": [4, 12, 8, 16], "texture": "#0"},
				"up": {"uv": [4, 12, 8, 16], "texture": "#0"},
				"down": {"uv": [4, 12, 8, 16], "texture": "#0"}
			}
		},
		{
			"from": [5.9, 8.34069, -12.71271],
			"to": [10.1, 11.84069, -8.21271],
			"rotation": {"angle": 0, "axis": "x", "origin": [8, 9.59069, -11.46271]},
			"faces": {
				"north": {"uv": [8, 8, 15, 4], "texture": "#1"},
				"east": {"uv": [8, 12, 16, 16], "rotation": 90, "texture": "#1"},
				"south": {"uv": [8, 8, 15, 4], "texture": "#1"},
				"west": {"uv": [8, 12, 16, 16], "rotation": 270, "texture": "#1"},
				"up": {"uv": [8, 12, 16, 16], "texture": "#1"},
				"down": {"uv": [8, 8, 15, 4], "texture": "#1"}
			}
		},
		{
			"from": [5.9, 8.34069, 24.21271],
			"to": [10.1, 11.84069, 28.71271],
			"rotation": {"angle": 0, "axis": "x", "origin": [8, 9.59069, 27.46271]},
			"faces": {
				"north": {"uv": [15, 8, 8, 4], "texture": "#1"},
				"east": {"uv": [8, 16, 16, 12], "rotation": 90, "texture": "#1"},
				"south": {"uv": [15, 8, 8, 4], "texture": "#1"},
				"west": {"uv": [8, 16, 16, 12], "rotation": 270, "texture": "#1"},
				"up": {"uv": [8, 16, 16, 12], "texture": "#1"},
				"down": {"uv": [8, 4, 15, 8], "texture": "#1"}
			}
		},
		{
			"from": [6, 8.71924, -10.82719],
			"to": [10, 11.46924, -5.82719],
			"rotation": {"angle": -22.5, "axis": "x", "origin": [8, 9.71924, -8.32719]},
			"faces": {
				"north": {"uv": [4, 12, 8, 16], "texture": "#0"},
				"east": {"uv": [4, 4, 8, 8], "rotation": 270, "texture": "#0"},
				"south": {"uv": [4, 12, 8, 16], "texture": "#0"},
				"west": {"uv": [4, 4, 8, 8], "rotation": 90, "texture": "#0"},
				"up": {"uv": [4, 4, 8, 8], "rotation": 180, "texture": "#0"},
				"down": {"uv": [4, 4, 8, 8], "texture": "#0"}
			}
		},
		{
			"from": [8, 9.71338, -13.62031],
			"to": [8, 14.46338, -6.62031],
			"rotation": {"angle": -22.5, "axis": "x", "origin": [8, 12.08838, -10.12031]},
			"faces": {
				"north": {"uv": [4, 12, 8, 16], "texture": "#0"},
				"east": {"uv": [9, 12, 0, 16], "texture": "#3"},
				"south": {"uv": [4, 12, 8, 16], "texture": "#0"},
				"west": {"uv": [0, 12, 9, 16], "texture": "#3"},
				"up": {"uv": [4, 4, 8, 8], "rotation": 180, "texture": "#0"},
				"down": {"uv": [4, 4, 8, 8], "texture": "#0"}
			}
		},
		{
			"from": [8, 9.71338, 22.62031],
			"to": [8, 14.46338, 29.62031],
			"rotation": {"angle": 22.5, "axis": "x", "origin": [8, 12.08838, 26.12031]},
			"faces": {
				"north": {"uv": [8, 12, 4, 16], "texture": "#0"},
				"east": {"uv": [0, 12, 9, 16], "texture": "#3"},
				"south": {"uv": [8, 12, 4, 16], "texture": "#0"},
				"west": {"uv": [9, 12, 0, 16], "texture": "#3"},
				"up": {"uv": [4, 8, 8, 4], "rotation": 180, "texture": "#0"},
				"down": {"uv": [4, 8, 8, 4], "texture": "#0"}
			}
		},
		{
			"from": [6.25, 11.93405, -7.36704],
			"to": [9.75, 14.43405, -0.36704],
			"rotation": {"angle": -45, "axis": "x", "origin": [8, 12.93405, -3.86704]},
			"faces": {
				"north": {"uv": [4, 12, 8, 16], "texture": "#0"},
				"east": {"uv": [4, 4, 8, 8], "rotation": 270, "texture": "#0"},
				"south": {"uv": [4, 12, 8, 16], "texture": "#0"},
				"west": {"uv": [4, 4, 8, 8], "rotation": 90, "texture": "#0"},
				"up": {"uv": [4, 4, 8, 8], "rotation": 180, "texture": "#0"},
				"down": {"uv": [4, 4, 8, 8], "texture": "#0"}
			}
		},
		{
			"from": [6.5, 14.8942, -1.90223],
			"to": [9.5, 19.8942, 0.34777],
			"rotation": {"angle": 22.5, "axis": "x", "origin": [8, 17.3942, -0.65223]},
			"faces": {
				"north": {"uv": [4, 4, 8, 8], "texture": "#0"},
				"east": {"uv": [4, 4, 8, 8], "texture": "#0"},
				"south": {"uv": [4, 4, 8, 8], "texture": "#0"},
				"west": {"uv": [4, 4, 8, 8], "texture": "#0"},
				"up": {"uv": [4, 12, 8, 16], "texture": "#0"},
				"down": {"uv": [4, 12, 8, 16], "texture": "#0"}
			}
		},
		{
			"from": [6.5, 19.67561, -0.55332],
			"to": [9.5, 21.67561, 1.69668],
			"rotation": {"angle": 22.5, "axis": "x", "origin": [8, 20.67561, 0.57168]},
			"faces": {
				"north": {"uv": [8, 8, 15, 12], "texture": "#1"},
				"east": {"uv": [8, 8, 15, 12], "rotation": 90, "texture": "#1"},
				"south": {"uv": [7.5, 4, 15.5, 8], "rotation": 180, "texture": "#1"},
				"west": {"uv": [8, 8, 15, 12], "rotation": 90, "texture": "#1"},
				"up": {"uv": [10.5, 0, 14.5, 4], "texture": "#0"},
				"down": {"uv": [10.5, 0, 14.5, 4], "texture": "#0"}
			}
		},
		{
			"from": [6.5, 19.67561, 14.30332],
			"to": [9.5, 21.67561, 16.55332],
			"rotation": {"angle": -22.5, "axis": "x", "origin": [8, 20.67561, 15.42832]},
			"faces": {
				"north": {"uv": [15.5, 4, 7.5, 8], "rotation": 180, "texture": "#1"},
				"east": {"uv": [15, 12, 8, 8], "rotation": 270, "texture": "#1"},
				"south": {"uv": [8, 8, 15, 12], "texture": "#1"},
				"west": {"uv": [8, 8, 15, 12], "rotation": 90, "texture": "#1"},
				"up": {"uv": [10.5, 4, 14.5, 0], "texture": "#0"},
				"down": {"uv": [10.5, 4, 14.5, 0], "texture": "#0"}
			}
		},
		{
			"from": [6.475, 17.67561, -0.57832],
			"to": [9.525, 19.67561, 1.72168],
			"rotation": {"angle": 22.5, "axis": "x", "origin": [8, 20.67561, 0.57168]},
			"faces": {
				"north": {"uv": [8, 12, 16, 16], "rotation": 180, "texture": "#1"},
				"east": {"uv": [12, 12, 16, 16], "rotation": 180, "texture": "#1"},
				"south": {"uv": [7.5, 4, 15.5, 8], "rotation": 180, "texture": "#1"},
				"west": {"uv": [8, 12.5, 12, 16], "rotation": 180, "texture": "#1"},
				"up": {"uv": [10.5, 0, 14.5, 4], "texture": "#0"},
				"down": {"uv": [10.5, 0, 14.5, 4], "texture": "#0"}
			}
		},
		{
			"from": [6.475, 17.67561, 14.27832],
			"to": [9.525, 19.67561, 16.57832],
			"rotation": {"angle": -22.5, "axis": "x", "origin": [8, 20.67561, 15.42832]},
			"faces": {
				"north": {"uv": [15.5, 4, 7.5, 8], "rotation": 180, "texture": "#1"},
				"east": {"uv": [16, 12, 12, 16], "rotation": 180, "texture": "#1"},
				"south": {"uv": [16, 12, 8, 16], "rotation": 180, "texture": "#1"},
				"west": {"uv": [12, 12.5, 8, 16], "rotation": 180, "texture": "#1"},
				"up": {"uv": [10.5, 4, 14.5, 0], "texture": "#0"},
				"down": {"uv": [10.5, 4, 14.5, 0], "texture": "#0"}
			}
		},
		{
			"from": [6.75, 18.73673, -0.35089],
			"to": [9.25, 20.73673, 4.64911],
			"rotation": {"angle": -22.5, "axis": "x", "origin": [8, 19.73673, 1.14911]},
			"faces": {
				"north": {"uv": [4, 12, 8, 16], "texture": "#0"},
				"east": {"uv": [4, 4, 8, 8], "rotation": 270, "texture": "#0"},
				"south": {"uv": [4, 12, 8, 16], "texture": "#0"},
				"west": {"uv": [4, 4, 8, 8], "rotation": 90, "texture": "#0"},
				"up": {"uv": [4, 4, 8, 8], "rotation": 180, "texture": "#0"},
				"down": {"uv": [4, 4, 8, 8], "texture": "#0"}
			}
		},
		{
			"from": [7.25, 11, 7.25],
			"to": [8.75, 16, 8.75],
			"rotation": {"angle": 0, "axis": "y", "origin": [8, 12, 8]},
			"faces": {
				"north": {"uv": [4, 12, 8, 16], "texture": "#0"},
				"east": {"uv": [4, 12, 8, 16], "texture": "#0"},
				"south": {"uv": [4, 12, 8, 16], "texture": "#0"},
				"west": {"uv": [4, 12, 8, 16], "texture": "#0"},
				"up": {"uv": [4, 12, 8, 16], "texture": "#0"},
				"down": {"uv": [4, 12, 8, 16], "texture": "#0"}
			}
		}
	],
	"display": {
		"thirdperson_righthand": {
			"rotation": [-90, -26.5, 0],
			"translation": [-2, 2, 2.5],
			"scale": [0.9, 0.9, 0.9]
		},
		"thirdperson_lefthand": {
			"rotation": [-90, -26.5, 0],
			"translation": [-2, 2, 2.25],
			"scale": [0.9, 0.9, 0.9]
		},
		"firstperson_righthand": {
			"rotation": [-145.25, -36, -57.75],
			"translation": [4.5, 0, 0],
			"scale": [0.6, 0.6, 0.6]
		},
		"firstperson_lefthand": {
			"rotation": [-145.25, -36, -57.75],
			"translation": [4.5, 0, 0],
			"scale": [0.6, 0.6, 0.6]
		},
		"ground": {
			"rotation": [0, 0, 144.75],
			"translation": [2.5, 7.5, 0],
			"scale": [0.7, 0.7, 0.7]
		},
		"gui": {
			"rotation": [-165, 129.25, 0],
			"translation": [0, 4, 0],
			"scale": [0.7, 0.7, 0.7]
		}
	}
}