{
	"credit": "Made with Blockbench",
	"parent": "item/generated",
	"textures": {
		"layer0": "./crossbow_standby"
	},
	"overrides": [
		{
			"predicate": {
				"pulling": 1
			},
			"model": "minecraft:item/crossbow_pulling_0"
		},
		{
			"predicate": {
				"pulling": 1,
				"pull": 0.58
			},
			"model": "minecraft:item/crossbow_pulling_1"
		},
		{
			"predicate": {
				"pulling": 1,
				"pull": 1
			},
			"model": "minecraft:item/crossbow_pulling_2"
		},
		{
			"predicate": {
				"charged": 1
			},
			"model": "item/crossbow_arrow"
		},
		{
			"predicate": {
				"charged": 1,
				"firework": 1
			},
			"model": "item/crossbow_firework"
		}
	],
	"display": {
		"thirdperson_righthand": {
			"rotation": [-103.51, 4.94, -47.96],
			"translation": [-0.5, 0.1, 2.25],
			"scale": [1.7, 1.7, 0.9]
		},
		"thirdperson_lefthand": {
			"rotation": [-90, 0, 30],
			"translation": [2, 0.1, -3],
			"scale": [1.7, 1.7, 0.9]
		},
		"firstperson_righthand": {
			"rotation": [-90, 0, -55],
			"translation": [-4.62, 3.2, 2.38],
			"scale": [1.36, 1.36, 0.68]
		},
		"firstperson_lefthand": {
			"rotation": [-90, 0, 35],
			"translation": [1.13, 3.2, 1.13],
			"scale": [1.36, 1.36, 0.68]
		},
		"ground": {
			"scale": [1, 1, 0.5]
		},
		"gui": {
			"scale": [2, 2, 1]
		},
		"fixed": {
			"rotation": [180, 0, 180],
			"scale": [1.75, 1.75, 1]
		}
	}
}