{
	"credit": "Made with Blockbench",
	"parent": "item/generated",
	"textures": {
		"layer0": "./sweeper"
	},
	"display": {
		"thirdperson_righthand": {
			"rotation": [6.75, -90, 0],
			"translation": [0, 0, -2],
			"scale": [1.2, 1.2, 0.85]
		},
		"thirdperson_lefthand": {
			"rotation": [6.75, 90, 0],
			"translation": [0, 0, -2],
			"scale": [1.2, 1.2, 0.85]
		},
		"firstperson_righthand": {
			"rotation": [-180, -77, -179.25],
			"translation": [-0.62, 3.2, 1.13],
			"scale": [0.68, 0.68, 0.68]
		},
		"firstperson_lefthand": {
			"rotation": [0, 84.75, 0.75],
			"translation": [-0.62, 3.2, 1.13],
			"scale": [0.68, 0.68, 0.68]
		},
		"ground": {
			"scale": [1, 1, 0.5]
		},
		"gui": {
			"rotation": [0, 0, -21],
			"scale": [1.7, 1.7, 1]
		},
		"fixed": {
			"translation": [0, 0, -1.25],
			"scale": [2, 2, 1]
		}
	}
}