{
	"credit": "Made with Blockbench",
	"parent": "item/generated",
	"textures": {
		"1": "c2 控え/battlestaffのコピー",
		"layer0": "c2 控え/battlestaffのコピー",
		"particle": "c2 控え/battlestaffのコピー"
	},
	"display": {
		"thirdperson_righthand": {
			"rotation": [0, -90, 55],
			"translation": [0, -2, 1.75],
			"scale": [1.7, 1.7, 0.85]
		},
		"thirdperson_lefthand": {
			"rotation": [0, 90, -55],
			"translation": [0, -2, 1.75],
			"scale": [1.7, 1.7, 0.85]
		},
		"firstperson_righthand": {
			"rotation": [-4, -90, 25],
			"translation": [1.13, 3.2, 1.13],
			"scale": [1.36, 1.36, 0.68]
		},
		"firstperson_lefthand": {
			"rotation": [-4, 90, -25],
			"translation": [1.13, 3.2, 1.13],
			"scale": [1.36, 1.36, 0.68]
		},
		"ground": {
			"scale": [1, 1, 0.5]
		},
		"gui": {
			"scale": [1.8, 1.8, 1]
		},
		"fixed": {
			"scale": [2, 2, 1]
		}
	}
}