{
	"credit": "Made with Blockbench",
	"parent": "item/generated",
	"textures": {
		"layer0": "./jobs/144-sensei/skill_1"
	},
	"display": {
		"thirdperson_righthand": {
			"translation": [0, 1.5, 1],
			"scale": [0.3, 0.3, 0]
		},
		"thirdperson_lefthand": {
			"translation": [0, 1.5, 1],
			"scale": [0.3, 0.3, 0]
		},
		"firstperson_righthand": {
			"rotation": [-1, 0, 0],
			"translation": [0, 4.5, 1],
			"scale": [0.3, 0.3, 0]
		},
		"firstperson_lefthand": {
			"rotation": [-1, 0, 0],
			"translation": [0, 4.5, 1],
			"scale": [0.3, 0.3, 0]
		},
		"ground": {
			"translation": [0, 2, 0],
			"scale": [0.5, 0.5, 0.5]
		},
		"head": {
			"rotation": [0, 180, 0],
			"translation": [0, 13, 7]
		},
		"fixed": {
			"scale": [2, 2, 1]
		}
	}
}