{
	"credit": "Made with Blockbench",
	"texture_size": [64, 64],
	"textures": {
		"0": "./sigma",
		"particle": "./sigma"
	},
	"elements": [
		{
			"from": [-13, 6, 5.5],
			"to": [10.5, 10.425, 11.5],
			"rotation": {"angle": 0, "axis": "y", "origin": [5.5, 8.0875, 8.5]},
			"faces": {
				"north": {"uv": [4, 0, 5.5, 1.10625], "texture": "#0"},
				"east": {"uv": [4, 0, 5.5, 1.10625], "texture": "#0"},
				"south": {"uv": [4, 0, 8.375, 1.10625], "texture": "#0"},
				"west": {"uv": [4, 0, 5.5, 1.10625], "texture": "#0"},
				"up": {"uv": [4, 0, 8.375, 1.5], "texture": "#0"},
				"down": {"uv": [4, 0, 8.375, 1.5], "texture": "#0"}
			}
		},
		{
			"from": [2, 3.75, 4.25],
			"to": [3.5, 5.775, 12.75],
			"rotation": {"angle": 0, "axis": "y", "origin": [5.5, 8.0875, 8.5]},
			"faces": {
				"north": {"uv": [0.25, 4.5, 3.25, 5.66875], "texture": "#0"},
				"east": {"uv": [0.25, 4.5, 3.25, 5.66875], "texture": "#0"},
				"south": {"uv": [0.25, 4.5, 3.25, 5.66875], "texture": "#0"},
				"west": {"uv": [0.25, 4.5, 3.25, 5.66875], "texture": "#0"},
				"up": {"uv": [0.25, 4.5, 3.25, 5.66875], "texture": "#0"},
				"down": {"uv": [0.25, 4.5, 3.25, 5.66875], "texture": "#0"}
			}
		},
		{
			"from": [3.5, 3.75, 4.25],
			"to": [10.75, 8.425, 12.75],
			"rotation": {"angle": 0, "axis": "y", "origin": [5.5, 8.0875, 8.5]},
			"faces": {
				"north": {"uv": [0.25, 4.5, 3.25, 5.66875], "texture": "#0"},
				"east": {"uv": [0.25, 4.5, 3.25, 5.66875], "texture": "#0"},
				"south": {"uv": [0.25, 4.5, 3.25, 5.66875], "texture": "#0"},
				"west": {"uv": [0.25, 4.5, 3.25, 5.66875], "texture": "#0"},
				"up": {"uv": [0.25, 4.5, 3.25, 5.66875], "texture": "#0"},
				"down": {"uv": [0.25, 4.5, 3.25, 5.66875], "texture": "#0"}
			}
		},
		{
			"from": [10.75, 3.75, 4.25],
			"to": [13.7, 4.25, 12.75],
			"rotation": {"angle": 0, "axis": "y", "origin": [5.5, 8.0875, 8.5]},
			"faces": {
				"north": {"uv": [0.25, 4.5, 3.25, 5.66875], "texture": "#0"},
				"east": {"uv": [0.25, 4.5, 3.25, 5.66875], "texture": "#0"},
				"south": {"uv": [0.25, 4.5, 3.25, 5.66875], "texture": "#0"},
				"west": {"uv": [0.25, 4.5, 3.25, 5.66875], "texture": "#0"},
				"up": {"uv": [0.25, 4.5, 3.25, 5.66875], "texture": "#0"},
				"down": {"uv": [0.25, 4.5, 3.25, 5.66875], "texture": "#0"}
			}
		},
		{
			"from": [-2.7, 3.75, 4.25],
			"to": [2, 4.25, 12.75],
			"rotation": {"angle": 0, "axis": "y", "origin": [8.75, 8.0875, 8.5]},
			"faces": {
				"north": {"uv": [3.25, 4.5, 0.25, 5.66875], "texture": "#0"},
				"east": {"uv": [3.25, 4.5, 0.25, 5.66875], "texture": "#0"},
				"south": {"uv": [3.25, 4.5, 0.25, 5.66875], "texture": "#0"},
				"west": {"uv": [3.25, 4.5, 0.25, 5.66875], "texture": "#0"},
				"up": {"uv": [3.25, 4.5, 0.25, 5.66875], "texture": "#0"},
				"down": {"uv": [3.25, 4.5, 0.25, 5.66875], "texture": "#0"}
			}
		},
		{
			"from": [13.225, 3.775, 4.75],
			"to": [13.725, 7.475, 12.25],
			"rotation": {"angle": 22.5, "axis": "z", "origin": [12.225, 4, 8.5]},
			"faces": {
				"north": {"uv": [4, 8, 7, 9.16875], "rotation": 270, "texture": "#0"},
				"east": {"uv": [4, 8, 7, 9.16875], "rotation": 270, "texture": "#0"},
				"south": {"uv": [4, 8, 7, 9.16875], "rotation": 270, "texture": "#0"},
				"west": {"uv": [4, 8, 7, 9.16875], "rotation": 270, "texture": "#0"},
				"up": {"uv": [4, 8, 7, 9.16875], "rotation": 270, "texture": "#0"},
				"down": {"uv": [4, 8, 7, 9.16875], "rotation": 270, "texture": "#0"}
			}
		},
		{
			"from": [-2.475, 2.775, 4.75],
			"to": [-1.475, 6.725, 12.25],
			"rotation": {"angle": -22.5, "axis": "z", "origin": [2.025, 4, 8.5]},
			"faces": {
				"north": {"uv": [4, 9.16875, 7, 8], "rotation": 270, "texture": "#0"},
				"east": {"uv": [4, 9.16875, 7, 8], "rotation": 270, "texture": "#0"},
				"south": {"uv": [4, 9.16875, 7, 8], "rotation": 270, "texture": "#0"},
				"west": {"uv": [4, 9.16875, 7, 8], "rotation": 270, "texture": "#0"},
				"up": {"uv": [4, 9.16875, 7, 8], "rotation": 270, "texture": "#0"},
				"down": {"uv": [4, 9.16875, 7, 8], "rotation": 270, "texture": "#0"}
			}
		},
		{
			"from": [-2.56784, 2.67126, 6.75],
			"to": [12.38216, 3.92126, 9.75],
			"rotation": {"angle": 0, "axis": "z", "origin": [1.15716, 5.17126, 8.5]},
			"faces": {
				"north": {"uv": [4, 9.16875, 7, 8], "rotation": 180, "texture": "#0"},
				"east": {"uv": [4, 9.16875, 7, 8], "texture": "#0"},
				"south": {"uv": [4, 9.16875, 7, 8], "texture": "#0"},
				"west": {"uv": [4, 9.16875, 7, 8], "texture": "#0"},
				"up": {"uv": [4, 9.16875, 7, 8], "texture": "#0"},
				"down": {"uv": [4, 9.16875, 7, 8], "texture": "#0"}
			}
		},
		{
			"from": [4.43216, 1.44626, 7.25],
			"to": [12.38216, 2.69626, 9.25],
			"rotation": {"angle": 0, "axis": "z", "origin": [1.15716, 5.17126, 8.5]},
			"faces": {
				"north": {"uv": [4, 9.16875, 7, 8], "rotation": 180, "texture": "#0"},
				"east": {"uv": [4, 9.16875, 7, 8], "texture": "#0"},
				"south": {"uv": [4, 9.16875, 7, 8], "texture": "#0"},
				"west": {"uv": [4, 9.16875, 7, 8], "texture": "#0"},
				"up": {"uv": [4, 9.16875, 7, 8], "texture": "#0"},
				"down": {"uv": [4, 9.16875, 7, 8], "texture": "#0"}
			}
		},
		{
			"from": [-2.56567, 1.92534, 6.75],
			"to": [-1.86567, 3.17534, 9.75],
			"rotation": {"angle": -22.5, "axis": "z", "origin": [-2.21567, 2.55034, 8.25]},
			"faces": {
				"north": {"uv": [4, 9.16875, 7, 8], "rotation": 180, "texture": "#0"},
				"east": {"uv": [4, 9.16875, 7, 8], "texture": "#0"},
				"south": {"uv": [4, 9.16875, 7, 8], "texture": "#0"},
				"west": {"uv": [4, 9.16875, 7, 8], "texture": "#0"},
				"up": {"uv": [4, 9.16875, 7, 8], "texture": "#0"},
				"down": {"uv": [4, 9.16875, 7, 8], "texture": "#0"}
			}
		},
		{
			"from": [4.32829, -2.04967, 7.25],
			"to": [5.02829, 2.95033, 9.25],
			"rotation": {"angle": 22.5, "axis": "z", "origin": [4.67829, 1.07533, 8.25]},
			"faces": {
				"north": {"uv": [4, 9.16875, 7, 8], "rotation": 180, "texture": "#0"},
				"east": {"uv": [4, 9.16875, 7, 8], "texture": "#0"},
				"south": {"uv": [4, 9.16875, 7, 8], "texture": "#0"},
				"west": {"uv": [4, 9.16875, 7, 8], "texture": "#0"},
				"up": {"uv": [4, 9.16875, 7, 8], "texture": "#0"},
				"down": {"uv": [4, 9.16875, 7, 8], "texture": "#0"}
			}
		},
		{
			"from": [5.55081, -1.94573, 7.25],
			"to": [6.55081, -1.24573, 9.25],
			"rotation": {"angle": 0, "axis": "x", "origin": [6.55081, -1.59573, 8.25]},
			"faces": {
				"north": {"uv": [4, 9.16875, 7, 8], "rotation": 90, "texture": "#0"},
				"east": {"uv": [4, 9.16875, 7, 8], "rotation": 90, "texture": "#0"},
				"south": {"uv": [4, 9.16875, 7, 8], "rotation": 90, "texture": "#0"},
				"west": {"uv": [4, 9.16875, 7, 8], "rotation": 90, "texture": "#0"},
				"up": {"uv": [4, 9.16875, 7, 8], "rotation": 90, "texture": "#0"},
				"down": {"uv": [4, 9.16875, 7, 8], "rotation": 90, "texture": "#0"}
			}
		},
		{
			"from": [6.91522, 0.76327, 8],
			"to": [7.11522, 1.51327, 8.5],
			"rotation": {"angle": 0, "axis": "z", "origin": [7.01522, 1.13827, 8.25]},
			"faces": {
				"north": {"uv": [4, 1.25, 7, 2.25], "rotation": 180, "texture": "#0"},
				"east": {"uv": [4, 1.25, 7, 2.25], "rotation": 180, "texture": "#0"},
				"south": {"uv": [4, 1.25, 7, 2.25], "rotation": 180, "texture": "#0"},
				"west": {"uv": [4, 1.25, 7, 2.25], "rotation": 180, "texture": "#0"},
				"up": {"uv": [4, 1.25, 7, 2.25], "rotation": 180, "texture": "#0"},
				"down": {"uv": [4, 1.25, 7, 2.25], "rotation": 180, "texture": "#0"}
			}
		},
		{
			"from": [5.99022, 0.56327, 8],
			"to": [7.04022, 0.76327, 8.5],
			"rotation": {"angle": 0, "axis": "z", "origin": [6.54022, 0.66327, 8.25]},
			"faces": {
				"north": {"uv": [4, 1.25, 7, 2.25], "rotation": 180, "texture": "#0"},
				"east": {"uv": [4, 1.25, 7, 2.25], "rotation": 180, "texture": "#0"},
				"south": {"uv": [4, 1.25, 7, 2.25], "rotation": 180, "texture": "#0"},
				"west": {"uv": [4, 1.25, 7, 2.25], "rotation": 180, "texture": "#0"},
				"up": {"uv": [4, 1.25, 7, 2.25], "rotation": 180, "texture": "#0"},
				"down": {"uv": [4, 1.25, 7, 2.25], "rotation": 180, "texture": "#0"}
			}
		},
		{
			"from": [5.91522, -1.73673, 8],
			"to": [6.11522, 1.51327, 8.5],
			"rotation": {"angle": 0, "axis": "z", "origin": [6.01522, 1.13827, 8.25]},
			"faces": {
				"north": {"uv": [4, 1.25, 7, 2.25], "rotation": 180, "texture": "#0"},
				"east": {"uv": [4, 1.25, 7, 2.25], "rotation": 180, "texture": "#0"},
				"south": {"uv": [4, 1.25, 7, 2.25], "rotation": 180, "texture": "#0"},
				"west": {"uv": [4, 1.25, 7, 2.25], "rotation": 180, "texture": "#0"},
				"up": {"uv": [4, 1.25, 7, 2.25], "rotation": 180, "texture": "#0"},
				"down": {"uv": [4, 1.25, 7, 2.25], "rotation": 180, "texture": "#0"}
			}
		},
		{
			"from": [6.11522, 0.76327, 8.2],
			"to": [6.56522, 1.51327, 8.3],
			"rotation": {"angle": 0, "axis": "z", "origin": [6.01522, 1.13827, 8.25]},
			"faces": {
				"north": {"uv": [4, 1.25, 7, 2.25], "rotation": 180, "texture": "#0"},
				"east": {"uv": [4, 1.25, 7, 2.25], "rotation": 180, "texture": "#0"},
				"south": {"uv": [4, 1.25, 7, 2.25], "rotation": 180, "texture": "#0"},
				"west": {"uv": [4, 1.25, 7, 2.25], "rotation": 180, "texture": "#0"},
				"up": {"uv": [4, 1.25, 7, 2.25], "rotation": 180, "texture": "#0"},
				"down": {"uv": [4, 1.25, 7, 2.25], "rotation": 180, "texture": "#0"}
			}
		},
		{
			"from": [11.06746, -2.0021, 7.75],
			"to": [11.76746, 2.9979, 8.75],
			"rotation": {"angle": 0, "axis": "z", "origin": [4.91746, 0.4979, 8.25]},
			"faces": {
				"north": {"uv": [4, 9.16875, 7, 8], "rotation": 180, "texture": "#0"},
				"east": {"uv": [4, 9.16875, 7, 8], "texture": "#0"},
				"south": {"uv": [4, 9.16875, 7, 8], "texture": "#0"},
				"west": {"uv": [4, 9.16875, 7, 8], "texture": "#0"},
				"up": {"uv": [4, 9.16875, 7, 8], "texture": "#0"},
				"down": {"uv": [4, 9.16875, 7, 8], "texture": "#0"}
			}
		},
		{
			"from": [10.75, 4.25, 4.25],
			"to": [13.45, 4.75, 12.75],
			"rotation": {"angle": 0, "axis": "y", "origin": [5.5, 8.0875, 8.5]},
			"faces": {
				"north": {"uv": [0.25, 4.5, 3.25, 5.66875], "texture": "#0"},
				"east": {"uv": [0.25, 4.5, 3.25, 5.66875], "texture": "#0"},
				"south": {"uv": [0.25, 4.5, 3.25, 5.66875], "texture": "#0"},
				"west": {"uv": [0.25, 4.5, 3.25, 5.66875], "texture": "#0"},
				"up": {"uv": [0.25, 4.5, 3.25, 5.66875], "texture": "#0"},
				"down": {"uv": [0.25, 4.5, 3.25, 5.66875], "texture": "#0"}
			}
		},
		{
			"from": [-2.45, 4.25, 4.25],
			"to": [2, 4.75, 12.75],
			"rotation": {"angle": 0, "axis": "y", "origin": [8.75, 8.0875, 8.5]},
			"faces": {
				"north": {"uv": [3.25, 4.5, 0.25, 5.66875], "texture": "#0"},
				"east": {"uv": [3.25, 4.5, 0.25, 5.66875], "texture": "#0"},
				"south": {"uv": [3.25, 4.5, 0.25, 5.66875], "texture": "#0"},
				"west": {"uv": [3.25, 4.5, 0.25, 5.66875], "texture": "#0"},
				"up": {"uv": [3.25, 4.5, 0.25, 5.66875], "texture": "#0"},
				"down": {"uv": [3.25, 4.5, 0.25, 5.66875], "texture": "#0"}
			}
		},
		{
			"from": [10.75, 4.75, 4.25],
			"to": [13.2, 5.25, 12.75],
			"rotation": {"angle": 0, "axis": "y", "origin": [5.5, 8.0875, 8.5]},
			"faces": {
				"north": {"uv": [0.25, 4.5, 3.25, 5.66875], "texture": "#0"},
				"east": {"uv": [0.25, 4.5, 3.25, 5.66875], "texture": "#0"},
				"south": {"uv": [0.25, 4.5, 3.25, 5.66875], "texture": "#0"},
				"west": {"uv": [0.25, 4.5, 3.25, 5.66875], "texture": "#0"},
				"up": {"uv": [0.25, 4.5, 3.25, 5.66875], "texture": "#0"},
				"down": {"uv": [0.25, 4.5, 3.25, 5.66875], "texture": "#0"}
			}
		},
		{
			"from": [10.75, 5.25, 4.25],
			"to": [12.95, 5.75, 12.75],
			"rotation": {"angle": 0, "axis": "y", "origin": [5.5, 8.0875, 8.5]},
			"faces": {
				"north": {"uv": [0.25, 4.5, 3.25, 5.66875], "texture": "#0"},
				"east": {"uv": [0.25, 4.5, 3.25, 5.66875], "texture": "#0"},
				"south": {"uv": [0.25, 4.5, 3.25, 5.66875], "texture": "#0"},
				"west": {"uv": [0.25, 4.5, 3.25, 5.66875], "texture": "#0"},
				"up": {"uv": [0.25, 4.5, 3.25, 5.66875], "texture": "#0"},
				"down": {"uv": [0.25, 4.5, 3.25, 5.66875], "texture": "#0"}
			}
		},
		{
			"from": [10.75, 5.75, 4.25],
			"to": [12.7, 6.25, 12.75],
			"rotation": {"angle": 0, "axis": "y", "origin": [5.5, 8.0875, 8.5]},
			"faces": {
				"north": {"uv": [0.25, 4.5, 3.25, 5.66875], "texture": "#0"},
				"east": {"uv": [0.25, 4.5, 3.25, 5.66875], "texture": "#0"},
				"south": {"uv": [0.25, 4.5, 3.25, 5.66875], "texture": "#0"},
				"west": {"uv": [0.25, 4.5, 3.25, 5.66875], "texture": "#0"},
				"up": {"uv": [0.25, 4.5, 3.25, 5.66875], "texture": "#0"},
				"down": {"uv": [0.25, 4.5, 3.25, 5.66875], "texture": "#0"}
			}
		},
		{
			"from": [10.75, 6.25, 4.25],
			"to": [12.45, 6.75, 12.75],
			"rotation": {"angle": 0, "axis": "y", "origin": [5.5, 8.0875, 8.5]},
			"faces": {
				"north": {"uv": [0.25, 4.5, 3.25, 5.66875], "texture": "#0"},
				"east": {"uv": [0.25, 4.5, 3.25, 5.66875], "texture": "#0"},
				"south": {"uv": [0.25, 4.5, 3.25, 5.66875], "texture": "#0"},
				"west": {"uv": [0.25, 4.5, 3.25, 5.66875], "texture": "#0"},
				"up": {"uv": [0.25, 4.5, 3.25, 5.66875], "texture": "#0"},
				"down": {"uv": [0.25, 4.5, 3.25, 5.66875], "texture": "#0"}
			}
		},
		{
			"from": [10.75, 6.75, 4.25],
			"to": [12.2, 7.25, 12.75],
			"rotation": {"angle": 0, "axis": "y", "origin": [5.5, 8.0875, 8.5]},
			"faces": {
				"north": {"uv": [0.25, 4.5, 3.25, 5.66875], "texture": "#0"},
				"east": {"uv": [0.25, 4.5, 3.25, 5.66875], "texture": "#0"},
				"south": {"uv": [0.25, 4.5, 3.25, 5.66875], "texture": "#0"},
				"west": {"uv": [0.25, 4.5, 3.25, 5.66875], "texture": "#0"},
				"up": {"uv": [0.25, 4.5, 3.25, 5.66875], "texture": "#0"},
				"down": {"uv": [0.25, 4.5, 3.25, 5.66875], "texture": "#0"}
			}
		},
		{
			"from": [10.75, 7.25, 4.25],
			"to": [11.95, 7.75, 12.75],
			"rotation": {"angle": 0, "axis": "y", "origin": [5.5, 8.0875, 8.5]},
			"faces": {
				"north": {"uv": [0.25, 4.5, 3.25, 5.66875], "texture": "#0"},
				"east": {"uv": [0.25, 4.5, 3.25, 5.66875], "texture": "#0"},
				"south": {"uv": [0.25, 4.5, 3.25, 5.66875], "texture": "#0"},
				"west": {"uv": [0.25, 4.5, 3.25, 5.66875], "texture": "#0"},
				"up": {"uv": [0.25, 4.5, 3.25, 5.66875], "texture": "#0"},
				"down": {"uv": [0.25, 4.5, 3.25, 5.66875], "texture": "#0"}
			}
		},
		{
			"from": [10.75, 7.75, 4.25],
			"to": [11.45, 8.25, 12.75],
			"rotation": {"angle": 0, "axis": "y", "origin": [5.5, 8.0875, 8.5]},
			"faces": {
				"north": {"uv": [0.25, 4.5, 3.25, 5.66875], "texture": "#0"},
				"east": {"uv": [0.25, 4.5, 3.25, 5.66875], "texture": "#0"},
				"south": {"uv": [0.25, 4.5, 3.25, 5.66875], "texture": "#0"},
				"west": {"uv": [0.25, 4.5, 3.25, 5.66875], "texture": "#0"},
				"up": {"uv": [0.25, 4.5, 3.25, 5.66875], "texture": "#0"},
				"down": {"uv": [0.25, 4.5, 3.25, 5.66875], "texture": "#0"}
			}
		},
		{
			"from": [-2.2, 4.75, 4.25],
			"to": [2, 5.25, 12.75],
			"rotation": {"angle": 0, "axis": "y", "origin": [8.75, 8.0875, 8.5]},
			"faces": {
				"north": {"uv": [3.25, 4.5, 0.25, 5.66875], "texture": "#0"},
				"east": {"uv": [3.25, 4.5, 0.25, 5.66875], "texture": "#0"},
				"south": {"uv": [3.25, 4.5, 0.25, 5.66875], "texture": "#0"},
				"west": {"uv": [3.25, 4.5, 0.25, 5.66875], "texture": "#0"},
				"up": {"uv": [3.25, 4.5, 0.25, 5.66875], "texture": "#0"},
				"down": {"uv": [3.25, 4.5, 0.25, 5.66875], "texture": "#0"}
			}
		},
		{
			"from": [10.5, 5.25, 5.25],
			"to": [12.95, 5.75, 11.75],
			"rotation": {"angle": 0, "axis": "y", "origin": [5.5, 8.0875, 8.5]},
			"faces": {
				"north": {"uv": [0.25, 4.5, 3.25, 5.66875], "texture": "#0"},
				"east": {"uv": [0.25, 4.5, 3.25, 5.66875], "texture": "#0"},
				"south": {"uv": [0.25, 4.5, 3.25, 5.66875], "texture": "#0"},
				"west": {"uv": [0.25, 4.5, 3.25, 5.66875], "texture": "#0"},
				"up": {"uv": [0.25, 4.5, 3.25, 5.66875], "texture": "#0"},
				"down": {"uv": [0.25, 4.5, 3.25, 5.66875], "texture": "#0"}
			}
		},
		{
			"from": [-1.95, 5.25, 4.25],
			"to": [2, 5.75, 12.75],
			"rotation": {"angle": 0, "axis": "y", "origin": [8.75, 8.0875, 8.5]},
			"faces": {
				"north": {"uv": [3.25, 4.5, 0.25, 5.66875], "texture": "#0"},
				"east": {"uv": [3.25, 4.5, 0.25, 5.66875], "texture": "#0"},
				"south": {"uv": [3.25, 4.5, 0.25, 5.66875], "texture": "#0"},
				"west": {"uv": [3.25, 4.5, 0.25, 5.66875], "texture": "#0"},
				"up": {"uv": [3.25, 4.5, 0.25, 5.66875], "texture": "#0"},
				"down": {"uv": [3.25, 4.5, 0.25, 5.66875], "texture": "#0"}
			}
		},
		{
			"from": [-1.7, 5.75, 4.25],
			"to": [3.5, 6.25, 12.75],
			"rotation": {"angle": 0, "axis": "y", "origin": [1.775, 6, 8.5]},
			"faces": {
				"north": {"uv": [3.25, 4.5, 0.25, 5.66875], "texture": "#0"},
				"east": {"uv": [3.25, 4.5, 0.25, 5.66875], "texture": "#0"},
				"south": {"uv": [3.25, 4.5, 0.25, 5.66875], "texture": "#0"},
				"west": {"uv": [3.25, 4.5, 0.25, 5.66875], "texture": "#0"},
				"up": {"uv": [3.25, 4.5, 0.25, 5.66875], "texture": "#0"},
				"down": {"uv": [3.25, 4.5, 0.25, 5.66875], "texture": "#0"}
			}
		},
		{
			"from": [-1.45, 6.25, 4.25],
			"to": [3.5, 6.75, 12.75],
			"rotation": {"angle": 0, "axis": "y", "origin": [8.75, 8.0875, 8.5]},
			"faces": {
				"north": {"uv": [3.25, 4.5, 0.25, 5.66875], "texture": "#0"},
				"east": {"uv": [3.25, 4.5, 0.25, 5.66875], "texture": "#0"},
				"south": {"uv": [3.25, 4.5, 0.25, 5.66875], "texture": "#0"},
				"west": {"uv": [3.25, 4.5, 0.25, 5.66875], "texture": "#0"},
				"up": {"uv": [3.25, 4.5, 0.25, 5.66875], "texture": "#0"},
				"down": {"uv": [3.25, 4.5, 0.25, 5.66875], "texture": "#0"}
			}
		},
		{
			"from": [-1.2, 6.75, 4.25],
			"to": [3.5, 7.25, 12.75],
			"rotation": {"angle": 0, "axis": "y", "origin": [8.75, 8.0875, 8.5]},
			"faces": {
				"north": {"uv": [3.25, 4.5, 0.25, 5.66875], "texture": "#0"},
				"east": {"uv": [3.25, 4.5, 0.25, 5.66875], "texture": "#0"},
				"south": {"uv": [3.25, 4.5, 0.25, 5.66875], "texture": "#0"},
				"west": {"uv": [3.25, 4.5, 0.25, 5.66875], "texture": "#0"},
				"up": {"uv": [3.25, 4.5, 0.25, 5.66875], "texture": "#0"},
				"down": {"uv": [3.25, 4.5, 0.25, 5.66875], "texture": "#0"}
			}
		},
		{
			"from": [-0.95, 7.25, 4.25],
			"to": [3.5, 7.75, 12.75],
			"rotation": {"angle": 0, "axis": "y", "origin": [8.75, 8.0875, 8.5]},
			"faces": {
				"north": {"uv": [3.25, 4.5, 0.25, 5.66875], "texture": "#0"},
				"east": {"uv": [3.25, 4.5, 0.25, 5.66875], "texture": "#0"},
				"south": {"uv": [3.25, 4.5, 0.25, 5.66875], "texture": "#0"},
				"west": {"uv": [3.25, 4.5, 0.25, 5.66875], "texture": "#0"},
				"up": {"uv": [3.25, 4.5, 0.25, 5.66875], "texture": "#0"},
				"down": {"uv": [3.25, 4.5, 0.25, 5.66875], "texture": "#0"}
			}
		},
		{
			"from": [-0.45, 7.75, 4.25],
			"to": [3.5, 8.25, 12.75],
			"rotation": {"angle": 0, "axis": "y", "origin": [8.75, 8.0875, 8.5]},
			"faces": {
				"north": {"uv": [3.25, 4.5, 0.25, 5.66875], "texture": "#0"},
				"east": {"uv": [3.25, 4.5, 0.25, 5.66875], "texture": "#0"},
				"south": {"uv": [3.25, 4.5, 0.25, 5.66875], "texture": "#0"},
				"west": {"uv": [3.25, 4.5, 0.25, 5.66875], "texture": "#0"},
				"up": {"uv": [3.25, 4.5, 0.25, 5.66875], "texture": "#0"},
				"down": {"uv": [3.25, 4.5, 0.25, 5.66875], "texture": "#0"}
			}
		},
		{
			"from": [-12.75, 11.75, 5.5],
			"to": [10.5, 15.425, 11.5],
			"rotation": {"angle": 0, "axis": "y", "origin": [5.5, 13.5875, 8.5]},
			"faces": {
				"north": {"uv": [4, 0, 8, 1], "texture": "#0"},
				"east": {"uv": [4, 0, 5.5, 0.91875], "texture": "#0"},
				"south": {"uv": [4, 0, 8.3125, 0.91875], "texture": "#0"},
				"west": {"uv": [4, 0, 5.5, 0.91875], "texture": "#0"},
				"up": {"uv": [4, 0, 8.3125, 1.5], "texture": "#0"},
				"down": {"uv": [4, 0, 8.3125, 1.5], "texture": "#0"}
			}
		},
		{
			"from": [-16, 11.325, 11.175],
			"to": [-10.75, 15, 12.825],
			"rotation": {"angle": 0, "axis": "y", "origin": [-3.75, 13.6625, 8.5]},
			"faces": {
				"north": {"uv": [4, 0, 5.3125, 0.91875], "texture": "#0"},
				"east": {"uv": [4, 0, 4.4125, 0.91875], "texture": "#0"},
				"south": {"uv": [4, 0, 5.3125, 0.91875], "texture": "#0"},
				"west": {"uv": [4, 0, 4.4125, 0.91875], "texture": "#0"},
				"up": {"uv": [4, 0, 5.3125, 0.4125], "texture": "#0"},
				"down": {"uv": [4, 0, 5.3125, 0.4125], "texture": "#0"}
			}
		},
		{
			"from": [-16, 11.325, 4.175],
			"to": [-10.75, 15, 5.825],
			"rotation": {"angle": 0, "axis": "y", "origin": [-3.75, 13.6625, 8.5]},
			"faces": {
				"north": {"uv": [4, 0, 5.3125, 0.91875], "texture": "#0"},
				"east": {"uv": [4, 0, 4.4125, 0.91875], "texture": "#0"},
				"south": {"uv": [4, 0, 5.3125, 0.91875], "texture": "#0"},
				"west": {"uv": [4, 0, 4.4125, 0.91875], "texture": "#0"},
				"up": {"uv": [4, 0, 5.3125, 0.4125], "texture": "#0"},
				"down": {"uv": [4, 0, 5.3125, 0.4125], "texture": "#0"}
			}
		},
		{
			"from": [-16, 7.175, 11.175],
			"to": [-10.75, 10.85, 12.825],
			"rotation": {"angle": 0, "axis": "y", "origin": [-3.75, 8.5125, 8.5]},
			"faces": {
				"north": {"uv": [4, 0.91875, 5.3125, 1.8375], "texture": "#0"},
				"east": {"uv": [4, 0.91875, 4.4125, 1.8375], "texture": "#0"},
				"south": {"uv": [4, 0.91875, 5.3125, 1.8375], "texture": "#0"},
				"west": {"uv": [4, 0.91875, 4.4125, 1.8375], "texture": "#0"},
				"up": {"uv": [4, 2.1625, 5.3125, 2.575], "texture": "#0"},
				"down": {"uv": [4, 2.1625, 5.3125, 2.575], "texture": "#0"}
			}
		},
		{
			"from": [-16, 7.175, 4.175],
			"to": [-10.75, 10.85, 5.825],
			"rotation": {"angle": 0, "axis": "y", "origin": [-3.75, 8.5125, 8.5]},
			"faces": {
				"north": {"uv": [4, 0.91875, 5.3125, 1.8375], "texture": "#0"},
				"east": {"uv": [4, 0.91875, 4.4125, 1.8375], "texture": "#0"},
				"south": {"uv": [4, 0.91875, 5.3125, 1.8375], "texture": "#0"},
				"west": {"uv": [4, 0.91875, 4.4125, 1.8375], "texture": "#0"},
				"up": {"uv": [4, 2.1625, 5.3125, 2.575], "texture": "#0"},
				"down": {"uv": [4, 2.1625, 5.3125, 2.575], "texture": "#0"}
			}
		},
		{
			"from": [-12.75, 10.425, 5.5],
			"to": [5.25, 10.85, 11.5],
			"rotation": {"angle": 0, "axis": "y", "origin": [5.5, 13.5875, 8.5]},
			"faces": {
				"north": {"uv": [4, 0, 7, 0.10625], "texture": "#0"},
				"east": {"uv": [4, 0, 5.5, 0.10625], "texture": "#0"},
				"south": {"uv": [4, 0, 7, 0.10625], "texture": "#0"},
				"west": {"uv": [4, 0, 5.5, 0.10625], "texture": "#0"},
				"up": {"uv": [4, 0, 7, 1.5], "texture": "#0"},
				"down": {"uv": [4, 0, 7, 1.5], "texture": "#0"}
			}
		},
		{
			"from": [-3.5, 11.325, 5.5],
			"to": [5.25, 11.75, 11.5],
			"rotation": {"angle": 0, "axis": "y", "origin": [5.5, 13.5875, 8.5]},
			"faces": {
				"north": {"uv": [4, 0, 6.1875, 0.10625], "texture": "#0"},
				"east": {"uv": [4, 0, 5.5, 0.10625], "texture": "#0"},
				"south": {"uv": [4, 0, 6.1875, 0.10625], "texture": "#0"},
				"west": {"uv": [4, 0, 5.5, 0.10625], "texture": "#0"},
				"up": {"uv": [4, 0, 6.1875, 1.5], "texture": "#0"},
				"down": {"uv": [4, 0, 6.1875, 1.5], "texture": "#0"}
			}
		},
		{
			"from": [-12.5, 15.25, 7.5],
			"to": [10.5, 16.25, 9.5],
			"rotation": {"angle": 0, "axis": "y", "origin": [5.5, 11, 8.5]},
			"faces": {
				"north": {"uv": [4, 0, 7.5, 0.25], "texture": "#0"},
				"east": {"uv": [4, 0, 4.5, 0.25], "texture": "#0"},
				"south": {"uv": [4, 0, 7.5, 0.25], "texture": "#0"},
				"west": {"uv": [4, 0, 4.5, 0.25], "texture": "#0"},
				"up": {"uv": [4, 0, 7.5, 0.5], "texture": "#0"},
				"down": {"uv": [4, 0, 7.5, 0.5], "texture": "#0"}
			}
		},
		{
			"from": [-16, 15, 6.5],
			"to": [-10.75, 17.325, 10.5],
			"rotation": {"angle": 0, "axis": "y", "origin": [-3.75, 11.075, 8.5]},
			"faces": {
				"north": {"uv": [4, 0, 5.3125, 0.58125], "texture": "#0"},
				"east": {"uv": [4, 0, 5, 0.58125], "texture": "#0"},
				"south": {"uv": [4, 0, 5.3125, 0.58125], "texture": "#0"},
				"west": {"uv": [4, 0, 5, 0.58125], "texture": "#0"},
				"up": {"uv": [4, 0, 5.3125, 1], "texture": "#0"},
				"down": {"uv": [4, 0, 5.3125, 1], "texture": "#0"}
			}
		},
		{
			"from": [-16, 4.85, 6.5],
			"to": [-10.75, 7.175, 10.5],
			"rotation": {"angle": 0, "axis": "y", "origin": [-3.75, 11.1, 8.5]},
			"faces": {
				"north": {"uv": [4, 0.58125, 5.3125, 1.1625], "texture": "#0"},
				"east": {"uv": [4, 0.58125, 5, 1.1625], "texture": "#0"},
				"south": {"uv": [4, 0.58125, 5.3125, 1.1625], "texture": "#0"},
				"west": {"uv": [4, 0.58125, 5, 1.1625], "texture": "#0"},
				"up": {"uv": [4, 1, 5.3125, 2], "texture": "#0"},
				"down": {"uv": [4, 1, 5.3125, 2], "texture": "#0"}
			}
		},
		{
			"from": [-12.5, 14.90538, 5.61746],
			"to": [10.5, 15.90538, 7.76746],
			"rotation": {"angle": -22.5, "axis": "x", "origin": [5.5, 15.40538, 6.76746]},
			"faces": {
				"north": {"uv": [4, 0, 7.5, 0.25], "texture": "#0"},
				"east": {"uv": [4, 0, 4.5375, 0.25], "texture": "#0"},
				"south": {"uv": [4, 0, 7.5, 0.25], "texture": "#0"},
				"west": {"uv": [4, 0, 4.5375, 0.25], "texture": "#0"},
				"up": {"uv": [4, 0, 7.5, 0.5375], "texture": "#0"},
				"down": {"uv": [4, 0, 7.5, 0.5375], "texture": "#0"}
			}
		},
		{
			"from": [-16, 14.76937, 4.25858],
			"to": [-10.75, 16.76937, 7.55858],
			"rotation": {"angle": -45, "axis": "x", "origin": [-9.75, 15.76937, 6.35858]},
			"faces": {
				"north": {"uv": [4, 0, 5.3125, 0.5], "texture": "#0"},
				"east": {"uv": [4, 0, 4.825, 0.5], "texture": "#0"},
				"south": {"uv": [4, 0, 5.3125, 0.5], "texture": "#0"},
				"west": {"uv": [4, 0, 4.825, 0.5], "texture": "#0"},
				"up": {"uv": [4, 0, 5.3125, 0.825], "texture": "#0"},
				"down": {"uv": [4, 0, 5.3125, 0.825], "texture": "#0"}
			}
		},
		{
			"from": [-16, 5.40563, 4.25858],
			"to": [-10.75, 7.40563, 7.55858],
			"rotation": {"angle": 45, "axis": "x", "origin": [-9.75, 6.40563, 6.35858]},
			"faces": {
				"north": {"uv": [4, 0.5, 5.3125, 1], "texture": "#0"},
				"east": {"uv": [4, 0.5, 4.825, 1], "texture": "#0"},
				"south": {"uv": [4, 0.5, 5.3125, 1], "texture": "#0"},
				"west": {"uv": [4, 0.5, 4.825, 1], "texture": "#0"},
				"up": {"uv": [4, 0.825, 5.3125, 1.65], "texture": "#0"},
				"down": {"uv": [4, 0.825, 5.3125, 1.65], "texture": "#0"}
			}
		},
		{
			"from": [-12.5, 14.84797, 9.22112],
			"to": [10.5, 15.84797, 11.37112],
			"rotation": {"angle": 22.5, "axis": "x", "origin": [5.5, 15.34797, 10.37112]},
			"faces": {
				"north": {"uv": [4, 0, 7.5, 0.25], "texture": "#0"},
				"east": {"uv": [4, 0, 4.5375, 0.25], "texture": "#0"},
				"south": {"uv": [4, 0, 7.5, 0.25], "texture": "#0"},
				"west": {"uv": [4, 0, 4.5375, 0.25], "texture": "#0"},
				"up": {"uv": [4, 0, 7.5, 0.5375], "texture": "#0"},
				"down": {"uv": [4, 0, 7.5, 0.5375], "texture": "#0"}
			}
		},
		{
			"from": [-16, 14.76937, 9.44142],
			"to": [-10.75, 16.76937, 12.74142],
			"rotation": {"angle": 45, "axis": "x", "origin": [-9.75, 15.76937, 10.64142]},
			"faces": {
				"north": {"uv": [4, 0, 5.3125, 0.5], "texture": "#0"},
				"east": {"uv": [4, 0, 4.825, 0.5], "texture": "#0"},
				"south": {"uv": [4, 0, 5.3125, 0.5], "texture": "#0"},
				"west": {"uv": [4, 0, 4.825, 0.5], "texture": "#0"},
				"up": {"uv": [4, 0, 5.3125, 0.825], "texture": "#0"},
				"down": {"uv": [4, 0, 5.3125, 0.825], "texture": "#0"}
			}
		},
		{
			"from": [-16, 5.40563, 9.44142],
			"to": [-10.75, 7.40563, 12.74142],
			"rotation": {"angle": -45, "axis": "x", "origin": [-9.75, 6.40563, 10.64142]},
			"faces": {
				"north": {"uv": [4, 0.5, 5.3125, 1], "texture": "#0"},
				"east": {"uv": [4, 0.5, 4.825, 1], "texture": "#0"},
				"south": {"uv": [4, 0.5, 5.3125, 1], "texture": "#0"},
				"west": {"uv": [4, 0.5, 4.825, 1], "texture": "#0"},
				"up": {"uv": [4, 0.825, 5.3125, 1.65], "texture": "#0"},
				"down": {"uv": [4, 0.825, 5.3125, 1.65], "texture": "#0"}
			}
		},
		{
			"from": [14.5, 5.5, 5.25],
			"to": [18.5, 16.5, 11.75],
			"rotation": {"angle": 0, "axis": "y", "origin": [12.5, 11, 8.5]},
			"faces": {
				"north": {"uv": [0, 4, 0.75, 5.25], "texture": "#0"},
				"east": {"uv": [0, 4, 0.75, 5.25], "texture": "#0"},
				"south": {"uv": [0, 4, 0.75, 5.25], "texture": "#0"},
				"west": {"uv": [0, 4, 0.75, 5.25], "texture": "#0"},
				"up": {"uv": [0, 4, 0.75, 5.25], "texture": "#0"},
				"down": {"uv": [0, 4, 0.75, 5.25], "texture": "#0"}
			}
		},
		{
			"from": [10, 5.25, 5],
			"to": [14, 16.75, 12],
			"rotation": {"angle": 0, "axis": "y", "origin": [12.5, 11, 8.5]},
			"faces": {
				"north": {"uv": [0, 4, 0.75, 5.25], "texture": "#0"},
				"east": {"uv": [0, 4, 0.75, 5.25], "texture": "#0"},
				"south": {"uv": [0, 4, 0.75, 5.25], "texture": "#0"},
				"west": {"uv": [0, 4, 0.75, 5.25], "texture": "#0"},
				"up": {"uv": [0, 4, 0.75, 5.25], "texture": "#0"},
				"down": {"uv": [0, 4, 0.75, 5.25], "texture": "#0"}
			}
		},
		{
			"from": [-12.5, 8.5, 5.75],
			"to": [10.5, 13.5, 11.25],
			"rotation": {"angle": 0, "axis": "y", "origin": [12.5, 11, 8.5]},
			"faces": {
				"north": {"uv": [0, 4, 0.75, 5.25], "texture": "#0"},
				"east": {"uv": [0, 4, 0.75, 5.25], "texture": "#0"},
				"south": {"uv": [0, 4, 0.75, 5.25], "texture": "#0"},
				"west": {"uv": [0, 4, 0.75, 5.25], "texture": "#0"},
				"up": {"uv": [0, 4, 0.75, 5.25], "texture": "#0"},
				"down": {"uv": [0, 4, 0.75, 5.25], "texture": "#0"}
			}
		},
		{
			"from": [-12.525, 11, 5.725],
			"to": [6.5, 11.2, 11.275],
			"rotation": {"angle": 0, "axis": "y", "origin": [12.5, 11, 8.5]},
			"faces": {
				"north": {"uv": [0, 8, 0.75, 9.25], "texture": "#0"},
				"east": {"uv": [0, 8, 0.75, 9.25], "texture": "#0"},
				"south": {"uv": [0, 8, 0.75, 9.25], "texture": "#0"},
				"west": {"uv": [0, 8, 0.75, 9.25], "texture": "#0"},
				"up": {"uv": [0, 8, 0.75, 9.25], "texture": "#0"},
				"down": {"uv": [0, 8, 0.75, 9.25], "texture": "#0"}
			}
		},
		{
			"from": [6.5, 10.75, 5.725],
			"to": [7.25, 11.5, 11.275],
			"rotation": {"angle": 0, "axis": "y", "origin": [12.5, 11, 8.5]},
			"faces": {
				"north": {"uv": [0, 8, 0.75, 9.25], "texture": "#0"},
				"east": {"uv": [0, 8, 0.75, 9.25], "texture": "#0"},
				"south": {"uv": [0, 8, 0.75, 9.25], "texture": "#0"},
				"west": {"uv": [0, 8, 0.75, 9.25], "texture": "#0"},
				"up": {"uv": [0, 8, 0.75, 9.25], "texture": "#0"},
				"down": {"uv": [0, 8, 0.75, 9.25], "texture": "#0"}
			}
		},
		{
			"from": [3.5, 11.75, 5.225],
			"to": [4.25, 12.5, 11.775],
			"rotation": {"angle": 0, "axis": "y", "origin": [12.5, 11, 8.5]},
			"faces": {
				"north": {"uv": [4, 8.5, 4.75, 9.75], "texture": "#0"},
				"east": {"uv": [4, 8.5, 4.75, 9.75], "texture": "#0"},
				"south": {"uv": [4, 8.5, 4.75, 9.75], "texture": "#0"},
				"west": {"uv": [4, 8.5, 4.75, 9.75], "texture": "#0"},
				"up": {"uv": [4, 8.5, 4.75, 9.75], "texture": "#0"},
				"down": {"uv": [4, 8.5, 4.75, 9.75], "texture": "#0"}
			}
		},
		{
			"from": [3.5, 9.75, 5.225],
			"to": [4.25, 10.5, 11.775],
			"rotation": {"angle": 0, "axis": "y", "origin": [12.5, 11, 8.5]},
			"faces": {
				"north": {"uv": [4, 8.5, 4.75, 9.75], "texture": "#0"},
				"east": {"uv": [4, 8.5, 4.75, 9.75], "texture": "#0"},
				"south": {"uv": [4, 8.5, 4.75, 9.75], "texture": "#0"},
				"west": {"uv": [4, 8.5, 4.75, 9.75], "texture": "#0"},
				"up": {"uv": [4, 8.5, 4.75, 9.75], "texture": "#0"},
				"down": {"uv": [4, 8.5, 4.75, 9.75], "texture": "#0"}
			}
		},
		{
			"from": [0.5, 11.75, 5.225],
			"to": [1.25, 12.5, 11.775],
			"rotation": {"angle": 0, "axis": "y", "origin": [12.5, 11, 8.5]},
			"faces": {
				"north": {"uv": [4, 8.5, 4.75, 9.75], "texture": "#0"},
				"east": {"uv": [4, 8.5, 4.75, 9.75], "texture": "#0"},
				"south": {"uv": [4, 8.5, 4.75, 9.75], "texture": "#0"},
				"west": {"uv": [4, 8.5, 4.75, 9.75], "texture": "#0"},
				"up": {"uv": [4, 8.5, 4.75, 9.75], "texture": "#0"},
				"down": {"uv": [4, 8.5, 4.75, 9.75], "texture": "#0"}
			}
		},
		{
			"from": [0.5, 9.75, 5.225],
			"to": [1.25, 10.5, 11.775],
			"rotation": {"angle": 0, "axis": "y", "origin": [12.5, 11, 8.5]},
			"faces": {
				"north": {"uv": [4, 8.5, 4.75, 9.75], "texture": "#0"},
				"east": {"uv": [4, 8.5, 4.75, 9.75], "texture": "#0"},
				"south": {"uv": [4, 8.5, 4.75, 9.75], "texture": "#0"},
				"west": {"uv": [4, 8.5, 4.75, 9.75], "texture": "#0"},
				"up": {"uv": [4, 8.5, 4.75, 9.75], "texture": "#0"},
				"down": {"uv": [4, 8.5, 4.75, 9.75], "texture": "#0"}
			}
		},
		{
			"from": [18.5, 5.5, 5.25],
			"to": [19, 16.5, 11.75],
			"rotation": {"angle": 0, "axis": "y", "origin": [12.5, 11, 8.5]},
			"faces": {
				"north": {"uv": [0, 8, 0.75, 9.25], "texture": "#0"},
				"east": {"uv": [0, 8, 0.75, 9.25], "texture": "#0"},
				"south": {"uv": [0, 8, 0.75, 9.25], "texture": "#0"},
				"west": {"uv": [0, 8, 0.75, 9.25], "texture": "#0"},
				"up": {"uv": [0, 8, 0.75, 9.25], "texture": "#0"},
				"down": {"uv": [0, 8, 0.75, 9.25], "texture": "#0"}
			}
		},
		{
			"from": [14, 5.25, 5],
			"to": [14.5, 16.75, 12],
			"rotation": {"angle": 0, "axis": "y", "origin": [12.5, 11, 8.5]},
			"faces": {
				"north": {"uv": [0, 8, 0.75, 9.25], "texture": "#0"},
				"east": {"uv": [0, 8, 0.75, 9.25], "texture": "#0"},
				"south": {"uv": [0, 8, 0.75, 9.25], "texture": "#0"},
				"west": {"uv": [0, 8, 0.75, 9.25], "texture": "#0"},
				"up": {"uv": [0, 8, 0.75, 9.25], "texture": "#0"},
				"down": {"uv": [0, 8, 0.75, 9.25], "texture": "#0"}
			}
		},
		{
			"from": [18.5, 6.25, 6],
			"to": [21.25, 15.75, 11],
			"rotation": {"angle": 0, "axis": "y", "origin": [16.5, 11, 8.5]},
			"faces": {
				"north": {"uv": [0, 0, 0.6875, 2.375], "texture": "#missing"},
				"east": {"uv": [0, 4, 1.25, 6.375], "texture": "#0"},
				"south": {"uv": [0, 0, 0.6875, 2.375], "texture": "#missing"},
				"west": {"uv": [0, 0, 1.25, 2.375], "texture": "#missing"},
				"up": {"uv": [0, 0, 0.6875, 1.25], "texture": "#missing"},
				"down": {"uv": [0, 0, 0.6875, 1.25], "texture": "#missing"}
			}
		},
		{
			"from": [18.5, 6, 5.5],
			"to": [21.5, 16, 6],
			"rotation": {"angle": 0, "axis": "y", "origin": [16.5, 11, 8.5]},
			"faces": {
				"north": {"uv": [4, 0, 4.75, 2.5], "texture": "#0"},
				"east": {"uv": [4, 0, 4.125, 2.5], "texture": "#0"},
				"south": {"uv": [4, 0, 4.75, 2.5], "texture": "#0"},
				"west": {"uv": [4, 0, 4.125, 2.5], "texture": "#0"},
				"up": {"uv": [4, 0, 4.75, 0.125], "texture": "#0"},
				"down": {"uv": [4, 0, 4.75, 0.125], "texture": "#0"}
			}
		},
		{
			"from": [18.5, 15.75, 6],
			"to": [21.5, 16.25, 11],
			"rotation": {"angle": 0, "axis": "y", "origin": [16.5, 11, 8.5]},
			"faces": {
				"north": {"uv": [4, 0, 4.75, 1.25], "texture": "#0"},
				"east": {"uv": [4, 0, 4.75, 1.25], "texture": "#0"},
				"south": {"uv": [4, 0, 4.75, 1.25], "texture": "#0"},
				"west": {"uv": [4, 0, 4.75, 1.25], "texture": "#0"},
				"up": {"uv": [4, 0, 4.75, 1.25], "texture": "#0"},
				"down": {"uv": [4, 0, 4.75, 1.25], "texture": "#0"}
			}
		},
		{
			"from": [18.5, 5.75, 6],
			"to": [21.5, 6.25, 11],
			"rotation": {"angle": 0, "axis": "y", "origin": [16.5, 11, 8.5]},
			"faces": {
				"north": {"uv": [4, 0, 4.75, 0.125], "texture": "#0"},
				"east": {"uv": [4, 0, 5.25, 0.125], "texture": "#0"},
				"south": {"uv": [4, 0, 4.75, 0.125], "texture": "#0"},
				"west": {"uv": [4, 0, 5.25, 0.125], "texture": "#0"},
				"up": {"uv": [4, 0, 4.75, 1.25], "texture": "#0"},
				"down": {"uv": [4, 0, 4.75, 1.25], "texture": "#0"}
			}
		},
		{
			"from": [18.5, 6, 11],
			"to": [21.5, 16, 11.5],
			"rotation": {"angle": 0, "axis": "y", "origin": [16.5, 11, 8.5]},
			"faces": {
				"north": {"uv": [4, 0, 4.75, 2.5], "texture": "#0"},
				"east": {"uv": [4, 0, 4.125, 2.5], "texture": "#0"},
				"south": {"uv": [4, 0, 4.75, 2.5], "texture": "#0"},
				"west": {"uv": [4, 0, 4.125, 2.5], "texture": "#0"},
				"up": {"uv": [4, 0, 4.75, 0.125], "texture": "#0"},
				"down": {"uv": [4, 0, 4.75, 0.125], "texture": "#0"}
			}
		},
		{
			"from": [21.5, 13.75, 7.5],
			"to": [21.5, 15.75, 9.5],
			"rotation": {"angle": 0, "axis": "y", "origin": [16.5, 11, 8.5]},
			"faces": {
				"north": {"uv": [0, 0, 0.1875, 0.375], "texture": "#missing"},
				"east": {"uv": [8, 6, 10, 8], "texture": "#0"},
				"south": {"uv": [0, 0, 0.1875, 0.375], "texture": "#missing"},
				"west": {"uv": [0, 0, 0.5, 0.375], "texture": "#missing"},
				"up": {"uv": [0, 0, 0.1875, 0.5], "texture": "#missing"},
				"down": {"uv": [0, 0, 0.1875, 0.5], "texture": "#missing"}
			}
		},
		{
			"from": [21.5, 11.25, 7.5],
			"to": [21.5, 13.25, 9.5],
			"rotation": {"angle": 0, "axis": "y", "origin": [16.5, 11, 8.5]},
			"faces": {
				"north": {"uv": [0, 0, 0.1875, 0.375], "texture": "#missing"},
				"east": {"uv": [8, 12, 10, 14], "texture": "#0"},
				"south": {"uv": [0, 0, 0.1875, 0.375], "texture": "#missing"},
				"west": {"uv": [0, 0, 0.5, 0.375], "texture": "#missing"},
				"up": {"uv": [0, 0, 0.1875, 0.5], "texture": "#missing"},
				"down": {"uv": [0, 0, 0.1875, 0.5], "texture": "#missing"}
			}
		},
		{
			"from": [21.5, 8.75, 7.5],
			"to": [21.5, 10.75, 9.5],
			"rotation": {"angle": 0, "axis": "y", "origin": [16.5, 11, 8.5]},
			"faces": {
				"north": {"uv": [0, 0, 0.1875, 0.375], "texture": "#missing"},
				"east": {"uv": [8, 6, 10, 8], "texture": "#0"},
				"south": {"uv": [0, 0, 0.1875, 0.375], "texture": "#missing"},
				"west": {"uv": [0, 0, 0.5, 0.375], "texture": "#missing"},
				"up": {"uv": [0, 0, 0.1875, 0.5], "texture": "#missing"},
				"down": {"uv": [0, 0, 0.1875, 0.5], "texture": "#missing"}
			}
		},
		{
			"from": [21.5, 7.5, 5.75],
			"to": [21.5, 9.5, 7.75],
			"rotation": {"angle": 0, "axis": "y", "origin": [16.5, 11, 8.5]},
			"faces": {
				"north": {"uv": [0, 0, 0.1875, 0.375], "texture": "#missing"},
				"east": {"uv": [8, 6, 10, 8], "texture": "#0"},
				"south": {"uv": [0, 0, 0.1875, 0.375], "texture": "#missing"},
				"west": {"uv": [0, 0, 0.5, 0.375], "texture": "#missing"},
				"up": {"uv": [0, 0, 0.1875, 0.5], "texture": "#missing"},
				"down": {"uv": [0, 0, 0.1875, 0.5], "texture": "#missing"}
			}
		},
		{
			"from": [21.5, 7.5, 9.25],
			"to": [21.5, 9.5, 11.25],
			"rotation": {"angle": 0, "axis": "y", "origin": [16.5, 11, 8.5]},
			"faces": {
				"north": {"uv": [0, 0, 0.1875, 0.375], "texture": "#missing"},
				"east": {"uv": [8, 6, 10, 8], "texture": "#0"},
				"south": {"uv": [0, 0, 0.1875, 0.375], "texture": "#missing"},
				"west": {"uv": [0, 0, 0.5, 0.375], "texture": "#missing"},
				"up": {"uv": [0, 0, 0.1875, 0.5], "texture": "#missing"},
				"down": {"uv": [0, 0, 0.1875, 0.5], "texture": "#missing"}
			}
		},
		{
			"from": [21.5, 6.25, 7.5],
			"to": [21.5, 8.25, 9.5],
			"rotation": {"angle": 0, "axis": "y", "origin": [16.5, 11, 8.5]},
			"faces": {
				"north": {"uv": [0, 0, 0.1875, 0.375], "texture": "#missing"},
				"east": {"uv": [8, 8, 10, 10], "texture": "#0"},
				"south": {"uv": [0, 0, 0.1875, 0.375], "texture": "#missing"},
				"west": {"uv": [0, 0, 0.5, 0.375], "texture": "#missing"},
				"up": {"uv": [0, 0, 0.1875, 0.5], "texture": "#missing"},
				"down": {"uv": [0, 0, 0.1875, 0.5], "texture": "#missing"}
			}
		},
		{
			"from": [21.5, 12.5, 5.75],
			"to": [21.5, 14.5, 7.75],
			"rotation": {"angle": 0, "axis": "y", "origin": [16.5, 11, 8.5]},
			"faces": {
				"north": {"uv": [0, 0, 0.1875, 0.375], "texture": "#missing"},
				"east": {"uv": [8, 10, 10, 12], "texture": "#0"},
				"south": {"uv": [0, 0, 0.1875, 0.375], "texture": "#missing"},
				"west": {"uv": [0, 0, 0.5, 0.375], "texture": "#missing"},
				"up": {"uv": [0, 0, 0.1875, 0.5], "texture": "#missing"},
				"down": {"uv": [0, 0, 0.1875, 0.5], "texture": "#missing"}
			}
		},
		{
			"from": [21.5, 12.5, 9.25],
			"to": [21.5, 14.5, 11.25],
			"rotation": {"angle": 0, "axis": "y", "origin": [16.5, 11, 8.5]},
			"faces": {
				"north": {"uv": [0, 0, 0.1875, 0.375], "texture": "#missing"},
				"east": {"uv": [8, 8, 10, 10], "texture": "#0"},
				"south": {"uv": [0, 0, 0.1875, 0.375], "texture": "#missing"},
				"west": {"uv": [0, 0, 0.5, 0.375], "texture": "#missing"},
				"up": {"uv": [0, 0, 0.1875, 0.5], "texture": "#missing"},
				"down": {"uv": [0, 0, 0.1875, 0.5], "texture": "#missing"}
			}
		},
		{
			"from": [21.5, 10, 5.75],
			"to": [21.5, 12, 7.75],
			"rotation": {"angle": 0, "axis": "y", "origin": [16.5, 11, 8.5]},
			"faces": {
				"north": {"uv": [0, 0, 0.1875, 0.375], "texture": "#missing"},
				"east": {"uv": [8, 8, 10, 10], "texture": "#0"},
				"south": {"uv": [0, 0, 0.1875, 0.375], "texture": "#missing"},
				"west": {"uv": [0, 0, 0.5, 0.375], "texture": "#missing"},
				"up": {"uv": [0, 0, 0.1875, 0.5], "texture": "#missing"},
				"down": {"uv": [0, 0, 0.1875, 0.5], "texture": "#missing"}
			}
		},
		{
			"from": [21.5, 10, 9.25],
			"to": [21.5, 12, 11.25],
			"rotation": {"angle": 0, "axis": "y", "origin": [16.5, 11, 8.5]},
			"faces": {
				"north": {"uv": [0, 0, 0.1875, 0.375], "texture": "#missing"},
				"east": {"uv": [8, 8, 10, 10], "texture": "#0"},
				"south": {"uv": [0, 0, 0.1875, 0.375], "texture": "#missing"},
				"west": {"uv": [0, 0, 0.5, 0.375], "texture": "#missing"},
				"up": {"uv": [0, 0, 0.1875, 0.5], "texture": "#missing"},
				"down": {"uv": [0, 0, 0.1875, 0.5], "texture": "#missing"}
			}
		},
		{
			"from": [9, 6.75, 4],
			"to": [11.5, 9, 5],
			"rotation": {"angle": 0, "axis": "y", "origin": [10.25, 7.875, 4.5]},
			"faces": {
				"north": {"uv": [4, 12, 8, 16], "texture": "#0"},
				"east": {"uv": [4.25, 12, 5, 13.25], "texture": "#0"},
				"south": {"uv": [4.25, 12, 5, 13.25], "texture": "#0"},
				"west": {"uv": [4.25, 12, 5, 13.25], "texture": "#0"},
				"up": {"uv": [4.25, 12, 5, 13.25], "texture": "#0"},
				"down": {"uv": [4.25, 12, 5, 13.25], "texture": "#0"}
			}
		},
		{
			"from": [9.25, 6.75, 2.25],
			"to": [9.25, 8.55, 4.05],
			"rotation": {"angle": 0, "axis": "y", "origin": [9.25, 7.65, 4.65]},
			"faces": {
				"north": {"uv": [4, 12, 8, 16], "texture": "#0"},
				"east": {"uv": [8.25, 0, 12.5, 4.25], "texture": "#0"},
				"south": {"uv": [4.25, 12, 5, 13.25], "texture": "#0"},
				"west": {"uv": [8.25, 0, 12.5, 4.25], "texture": "#0"},
				"up": {"uv": [4.25, 12, 5, 13.25], "texture": "#0"},
				"down": {"uv": [4.25, 12, 5, 13.25], "texture": "#0"}
			}
		},
		{
			"from": [9.225, 8.55, 2.25],
			"to": [9.275, 8.675, 4.05],
			"rotation": {"angle": 0, "axis": "y", "origin": [9.25, 8.6125, 3.15]},
			"faces": {
				"north": {"uv": [4.25, 4, 6.75, 7.5], "texture": "#0"},
				"east": {"uv": [4.25, 4, 6.75, 7.5], "texture": "#0"},
				"south": {"uv": [4.25, 4, 6.75, 7.5], "texture": "#0"},
				"west": {"uv": [4.25, 4, 6.75, 7.5], "texture": "#0"},
				"up": {"uv": [4.25, 4, 6.75, 7.5], "texture": "#0"},
				"down": {"uv": [4.25, 4, 6.75, 7.5], "texture": "#0"}
			}
		},
		{
			"from": [9.225, 6.75, 2.25],
			"to": [9.275, 8.55, 2.375],
			"rotation": {"angle": 0, "axis": "x", "origin": [9.25, 7.775, 2.3125]},
			"faces": {
				"north": {"uv": [4.25, 4, 6.75, 7.5], "rotation": 180, "texture": "#0"},
				"east": {"uv": [4.25, 4, 6.75, 7.5], "rotation": 90, "texture": "#0"},
				"south": {"uv": [4.25, 4, 6.75, 7.5], "texture": "#0"},
				"west": {"uv": [4.25, 4, 6.75, 7.5], "rotation": 270, "texture": "#0"},
				"up": {"uv": [4.25, 4, 6.75, 7.5], "texture": "#0"},
				"down": {"uv": [4.25, 4, 6.75, 7.5], "rotation": 180, "texture": "#0"}
			}
		},
		{
			"from": [9.225, 6.625, 2.25],
			"to": [9.275, 6.75, 4.05],
			"rotation": {"angle": 0, "axis": "y", "origin": [9.25, 6.6875, 3.15]},
			"faces": {
				"north": {"uv": [4.25, 4, 6.75, 7.5], "texture": "#0"},
				"east": {"uv": [4.25, 4, 6.75, 7.5], "texture": "#0"},
				"south": {"uv": [4.25, 4, 6.75, 7.5], "texture": "#0"},
				"west": {"uv": [4.25, 4, 6.75, 7.5], "texture": "#0"},
				"up": {"uv": [4.25, 4, 6.75, 7.5], "texture": "#0"},
				"down": {"uv": [4.25, 4, 6.75, 7.5], "texture": "#0"}
			}
		},
		{
			"from": [9, 4.9, 4],
			"to": [10.725, 6.775, 5],
			"rotation": {"angle": 0, "axis": "y", "origin": [9.8625, 5.8375, 4.5]},
			"faces": {
				"north": {"uv": [4, 12, 5.25, 14], "texture": "#0"},
				"east": {"uv": [4.25, 12, 5, 13.25], "texture": "#0"},
				"south": {"uv": [4.25, 12, 5, 13.25], "texture": "#0"},
				"west": {"uv": [4.25, 12, 5, 13.25], "texture": "#0"},
				"up": {"uv": [4.25, 12, 5, 13.25], "texture": "#0"},
				"down": {"uv": [4.25, 12, 5, 13.25], "texture": "#0"}
			}
		},
		{
			"from": [10.15538, 5.01746, 4],
			"to": [11.15538, 7.01746, 5],
			"rotation": {"angle": -22.5, "axis": "z", "origin": [10.65538, 6.01746, 4.5]},
			"faces": {
				"north": {"uv": [4, 12, 5.25, 14], "texture": "#0"},
				"east": {"uv": [4.25, 12, 5, 13.25], "texture": "#0"},
				"south": {"uv": [4.25, 12, 5, 13.25], "texture": "#0"},
				"west": {"uv": [4.25, 12, 5, 13.25], "texture": "#0"},
				"up": {"uv": [4.25, 12, 5, 13.25], "texture": "#0"},
				"down": {"uv": [4.25, 12, 5, 13.25], "texture": "#0"}
			}
		}
	],
	"display": {
		"thirdperson_righthand": {
			"rotation": [7.25, 103, -13.75],
			"translation": [0, 5.5, 2.75],
			"scale": [0.8, 0.8, 0.8]
		},
		"thirdperson_lefthand": {
			"rotation": [7.25, -73, -13.75],
			"translation": [0, 5.5, 2.75],
			"scale": [0.8, 0.8, 0.8]
		},
		"firstperson_righthand": {
			"rotation": [0, 80, 0],
			"translation": [-0.75, 9.25, 4.25]
		},
		"firstperson_lefthand": {
			"rotation": [0, -91, 0],
			"translation": [-0.75, 9.25, 4.25]
		},
		"ground": {
			"rotation": [-34, -26, 0],
			"translation": [0, 2.25, 0],
			"scale": [0.5, 0.5, 0.5]
		},
		"gui": {
			"rotation": [12.5, -12.25, 29],
			"translation": [1.25, -0.5, 0],
			"scale": [0.6, 0.6, 0.6]
		}
	}
}