{
	"credit": "Made with Blockbench",
	"parent": "item/generated",
	"textures": {
		"layer0": "./3030"
	},
	"display": {
		"thirdperson_righthand": {
			"rotation": [-53.25, 90, 55],
			"translation": [0, 0.75, -2.5],
			"scale": [1.5, 1.5, 0.4]
		},
		"thirdperson_lefthand": {
			"rotation": [-123.25, -90, -123],
			"translation": [0, 0.75, -2.5],
			"scale": [1.5, 1.5, 0.4]
		},
		"firstperson_righthand": {
			"rotation": [-17.75, 80, 25],
			"translation": [1.13, 2.7, 1.63],
			"scale": [1.36, 1.36, 0.3]
		},
		"firstperson_lefthand": {
			"rotation": [-17.75, -80, -25],
			"translation": [1.13, 2.7, 1.63],
			"scale": [1.36, 1.36, 0.3]
		},
		"ground": {
			"scale": [1, 1, 0.5]
		},
		"gui": {
			"rotation": [0, 0, 39.25],
			"scale": [2, 2.3, 1]
		},
		"fixed": {
			"scale": [2, 2, 1]
		}
	}
}